	attention_mask	extra_fields	input_ids	labels	task	pred_text1	rouge_score	bert_score	prefix	input_text	target_text
0	[1 1 1 1 1 1 1 1 1 1 1 1 1 1 1 1 1 1 1 1 1 1 1 1 1]	{}	"[    3   226   567  6958   554 12304    10     3   226   567  6958  3785
   834  6327    10  5780     4  2347    30  5780   476    31     7   495
     1]"	[19183     3     9  2841  7489    81    70  2874     1]	xNeed	<pad> False</s><pad><pad><pad><pad><pad><pad><pad><pad><pad><pad><pad><pad><pad><pad><pad><pad><pad><pad><pad><pad><pad><pad><pad><pad><pad><pad><pad><pad><pad><pad><pad><pad><pad><pad><pad><pad><pad><pad><pad><pad><pad><pad><pad><pad><pad><pad><pad><pad><pad><pad><pad><pad><pad><pad><pad><pad><pad><pad><pad><pad><pad><pad><pad><pad><pad><pad><pad><pad><pad><pad><pad><pad><pad><pad><pad><pad><pad><pad><pad><pad><pad><pad><pad><pad><pad><pad><pad><pad><pad><pad><pad><pad><pad><pad><pad><pad><pad><pad><pad><pad><pad><pad><pad><pad><pad><pad><pad><pad><pad><pad><pad><pad><pad><pad><pad><pad><pad><pad><pad><pad><pad><pad><pad>	0.0	0.0	xNeed	xNeed prefix: xNeed input_text: PersonX gets on PersonY's case</s>	Draw a negative conclusion about their actions</s>
1	[1 1 1 1 1 1 1 1 1 1 1 1 1 1 1 1 1 1 1 1 1 1 1 1 1 1]	{}	"[    3   226   567  6958   554 12304    10     3   226   567  6958  3785
   834  6327    10  5780     4  1492     7    78   231     3   834   834
   834     1]"	[540   1]	xNeed	<pad> True</s><pad><pad><pad><pad><pad><pad><pad><pad><pad><pad><pad><pad><pad><pad><pad><pad><pad><pad><pad><pad><pad><pad><pad><pad><pad><pad><pad><pad><pad><pad><pad><pad><pad><pad><pad><pad><pad><pad><pad><pad><pad><pad><pad><pad><pad><pad><pad><pad><pad><pad><pad><pad><pad><pad><pad><pad><pad><pad><pad><pad><pad><pad><pad><pad><pad><pad><pad><pad><pad><pad><pad><pad><pad><pad><pad><pad><pad><pad><pad><pad><pad><pad><pad><pad><pad><pad><pad><pad><pad><pad><pad><pad><pad><pad><pad><pad><pad><pad><pad><pad><pad><pad><pad><pad><pad><pad><pad><pad><pad><pad><pad><pad><pad><pad><pad><pad><pad><pad><pad><pad><pad><pad><pad><pad><pad>	0.0	0.0	xNeed	xNeed prefix: xNeed input_text: PersonX spends so much ___</s>	money</s>
2	[1 1 1 1 1 1 1 1 1 1 1 1 1 1 1 1 1 1 1 1 1 1]	{}	"[    3   226   567  6958   554 12304    10     3   226   567  6958  3785
   834  6327    10  5780     4  3369    34    30  1472     1]"	[  12  129 6407    1]	xNeed	<pad> xNeed prefix: xNeed xNeed xNeed xNeed xNeed xNeed xNeed xNeed xNeed xNeed xNeed xNeed xNeed xNeed xNeed xNeed xNeed xNeed xNeed xNeed xNeed xNeed xNeed xNeed xNeed xNeed x</s><pad><pad><pad><pad><pad><pad><pad><pad><pad><pad><pad><pad><pad>	0.0	0.0	xNeed	xNeed prefix: xNeed input_text: PersonX sets it on fire</s>	to get matches</s>
3	[1 1 1 1 1 1 1 1 1 1 1 1 1 1 1 1 1 1 1 1 1 1 1 1 1 1]	{}	"[    3   226   567  6958   554 12304    10     3   226   567  6958  3785
   834  6327    10  5780     4  8944     7  5780   476    31     7   819
   150     1]"	[5839    1]	xNeed	<pad> True</s><pad><pad><pad><pad><pad><pad><pad><pad><pad><pad><pad><pad><pad><pad><pad><pad><pad><pad><pad><pad><pad><pad><pad><pad><pad><pad><pad><pad><pad><pad><pad><pad><pad><pad><pad><pad><pad><pad><pad><pad><pad><pad><pad><pad><pad><pad><pad><pad><pad><pad><pad><pad><pad><pad><pad><pad><pad><pad><pad><pad><pad><pad><pad><pad><pad><pad><pad><pad><pad><pad><pad><pad><pad><pad><pad><pad><pad><pad><pad><pad><pad><pad><pad><pad><pad><pad><pad><pad><pad><pad><pad><pad><pad><pad><pad><pad><pad><pad><pad><pad><pad><pad><pad><pad><pad><pad><pad><pad><pad><pad><pad><pad><pad><pad><pad><pad><pad><pad><pad><pad><pad><pad><pad><pad><pad>	0.0	0.0	xNeed	xNeed prefix: xNeed input_text: PersonX shakes PersonY's head no</s>	none</s>
4	[1 1 1 1 1 1 1 1 1 1 1 1 1 1 1 1 1 1 1 1 1 1 1 1 1]	{}	"[    3   226   567  6958   554 12304    10     3   226   567  6958  3785
   834  6327    10  5780     4  1172     7  5780   476    31     7  1706
     1]"	[  12   43    8 2980   12  199 5780  476    1]	xNeed	<pad> False</s><pad><pad><pad><pad><pad><pad><pad><pad><pad><pad><pad><pad><pad><pad><pad><pad><pad><pad><pad><pad><pad><pad><pad><pad><pad><pad><pad><pad><pad><pad><pad><pad><pad><pad><pad><pad><pad><pad><pad><pad><pad><pad><pad><pad><pad><pad><pad><pad><pad><pad><pad><pad><pad><pad><pad><pad><pad><pad><pad><pad><pad><pad><pad><pad><pad><pad><pad><pad><pad><pad><pad><pad><pad><pad><pad><pad><pad><pad><pad><pad><pad><pad><pad><pad><pad><pad><pad><pad><pad><pad><pad><pad><pad><pad><pad><pad><pad><pad><pad><pad><pad><pad><pad><pad><pad><pad><pad><pad><pad><pad><pad><pad><pad><pad><pad><pad><pad><pad><pad><pad><pad><pad><pad>	0.0	0.0	xNeed	xNeed prefix: xNeed input_text: PersonX improves PersonY's condition</s>	to have the expertise to help PersonY</s>
5	[1 1 1 1 1 1 1 1 1 1 1 1 1 1 1 1 1 1 1 1]	{}	"[    3   226   567  6958   554 12304    10     3   226   567  6958  3785
   834  6327    10  7178    95    16  1379     1]"	[  43 6196 6702    1]	xNeed	<pad><extra_id_0> a<extra_id_1> a<extra_id_2> a<extra_id_3> a<extra_id_4> xNeed<extra_id_5> xNeed<extra_id_6> xNeed prefix: xNeed xNeed xNeed xNeed xNeed xNeed xNeed xNeed xNeed xNeed xNeed xNeed xNeed xNeed xNeed xNeed xNeed xNeed xNeed xNeed xN</s><pad><pad><pad><pad><pad><pad><pad><pad><pad><pad><pad><pad><pad>	0.0	0.0	xNeed	xNeed prefix: xNeed input_text: wake up in morning</s>	have alarm clock</s>
6	[1 1 1 1 1 1 1 1 1 1 1 1 1 1 1 1 1 1 1 1 1 1 1 1]	{}	"[    3   226   567  6958   554 12304    10     3   226   567  6958  3785
   834  6327    10  5780     4  4471  5780     4    31     7   523     1]"	[4001    8  119  568   31    7  174    5    1]	xNeed	<pad> True</s><pad><pad><pad><pad><pad><pad><pad><pad><pad><pad><pad><pad><pad><pad><pad><pad><pad><pad><pad><pad><pad><pad><pad><pad><pad><pad><pad><pad><pad><pad><pad><pad><pad><pad><pad><pad><pad><pad><pad><pad><pad><pad><pad><pad><pad><pad><pad><pad><pad><pad><pad><pad><pad><pad><pad><pad><pad><pad><pad><pad><pad><pad><pad><pad><pad><pad><pad><pad><pad><pad><pad><pad><pad><pad><pad><pad><pad><pad><pad><pad><pad><pad><pad><pad><pad><pad><pad><pad><pad><pad><pad><pad><pad><pad><pad><pad><pad><pad><pad><pad><pad><pad><pad><pad><pad><pad><pad><pad><pad><pad><pad><pad><pad><pad><pad><pad><pad><pad><pad><pad><pad><pad><pad><pad><pad>	0.0	0.0	xNeed	xNeed prefix: xNeed input_text: PersonX supplies PersonX's needs</s>	Learn the other person's need.</s>
7	[1 1 1 1 1 1 1 1 1 1 1 1 1 1 1 1 1 1 1 1 1 1 1 1 1 1]	{}	"[    3   226   567  6958   554 12304    10     3   226   567  6958  3785
   834  6327    10  5780     4  1097     7     3   834   834   834    45
 11203     1]"	[  12 7479   95  380    1]	xNeed	<pad> True</s><pad><pad><pad><pad><pad><pad><pad><pad><pad><pad><pad><pad><pad><pad><pad><pad><pad><pad><pad><pad><pad><pad><pad><pad><pad><pad><pad><pad><pad><pad><pad><pad><pad><pad><pad><pad><pad><pad><pad><pad><pad><pad><pad><pad><pad><pad><pad><pad><pad><pad><pad><pad><pad><pad><pad><pad><pad><pad><pad><pad><pad><pad><pad><pad><pad><pad><pad><pad><pad><pad><pad><pad><pad><pad><pad><pad><pad><pad><pad><pad><pad><pad><pad><pad><pad><pad><pad><pad><pad><pad><pad><pad><pad><pad><pad><pad><pad><pad><pad><pad><pad><pad><pad><pad><pad><pad><pad><pad><pad><pad><pad><pad><pad><pad><pad><pad><pad><pad><pad><pad><pad><pad><pad><pad><pad>	0.0	0.0	xNeed	xNeed prefix: xNeed input_text: PersonX saves ___ from destruction</s>	to gather up support</s>
8	[1 1 1 1 1 1 1 1 1 1 1 1 1 1 1 1 1 1 1 1 1 1 1 1 1 1 1 1 1 1]	{}	"[    3   226   567  6958   554 12304    10     3   226   567  6958  3785
   834  6327    10  5780     4  4532     8     3   834   834   834    16
  5780   476    31     7  1780     1]"	[  12 1295 5780  476    1]	xNeed	<pad> False</s><pad><pad><pad><pad><pad><pad><pad><pad><pad><pad><pad><pad><pad><pad><pad><pad><pad><pad><pad><pad><pad><pad><pad><pad><pad><pad><pad><pad><pad><pad><pad><pad><pad><pad><pad><pad><pad><pad><pad><pad><pad><pad><pad><pad><pad><pad><pad><pad><pad><pad><pad><pad><pad><pad><pad><pad><pad><pad><pad><pad><pad><pad><pad><pad><pad><pad><pad><pad><pad><pad><pad><pad><pad><pad><pad><pad><pad><pad><pad><pad><pad><pad><pad><pad><pad><pad><pad><pad><pad><pad><pad><pad><pad><pad><pad><pad><pad><pad><pad><pad><pad><pad><pad><pad><pad><pad><pad><pad><pad><pad><pad><pad><pad><pad><pad><pad><pad><pad><pad><pad><pad><pad><pad>	0.0	0.0	xNeed	xNeed prefix: xNeed input_text: PersonX holds the ___ in PersonY's hands</s>	to approach PersonY</s>
9	[1 1 1 1 1 1 1 1 1 1 1 1 1 1 1 1 1 1 1 1 1 1 1 1 1 1 1 1 1 1 1 1]	{}	"[    3   226   567  6958   554 12304    10     3   226   567  6958  3785
   834  6327    10  5780     4  1789     7  5780     4    31     7     3
   834   834   834    12     8  6894   588     1]"	[1263   12    8 8493    5    1]	xNeed	<pad> False</s><pad><pad><pad><pad><pad><pad><pad><pad><pad><pad><pad><pad><pad><pad><pad><pad><pad><pad><pad><pad><pad><pad><pad><pad><pad><pad><pad><pad><pad><pad><pad><pad><pad><pad><pad><pad><pad><pad><pad><pad><pad><pad><pad><pad><pad><pad><pad><pad><pad><pad><pad><pad><pad><pad><pad><pad><pad><pad><pad><pad><pad><pad><pad><pad><pad><pad><pad><pad><pad><pad><pad><pad><pad><pad><pad><pad><pad><pad><pad><pad><pad><pad><pad><pad><pad><pad><pad><pad><pad><pad><pad><pad><pad><pad><pad><pad><pad><pad><pad><pad><pad><pad><pad><pad><pad><pad><pad><pad><pad><pad><pad><pad><pad><pad><pad><pad><pad><pad><pad><pad><pad><pad><pad>	0.0	0.0	xNeed	xNeed prefix: xNeed input_text: PersonX sells PersonX's ___ to the bidder</s>	Go to the auction.</s>
10	[1 1 1 1 1 1 1 1 1 1 1 1 1 1 1 1 1 1 1 1 1 1 1 1 1 1 1 1 1]	{}	"[    3   226   567  6958   554 12304    10     3   226   567  6958  3785
   834  6327    10  5780     4  7586     3   834   834   834    21  5780
     4    31     7   372     1]"	[ 474   30 7117    1]	xNeed	<pad> True</s><pad><pad><pad><pad><pad><pad><pad><pad><pad><pad><pad><pad><pad><pad><pad><pad><pad><pad><pad><pad><pad><pad><pad><pad><pad><pad><pad><pad><pad><pad><pad><pad><pad><pad><pad><pad><pad><pad><pad><pad><pad><pad><pad><pad><pad><pad><pad><pad><pad><pad><pad><pad><pad><pad><pad><pad><pad><pad><pad><pad><pad><pad><pad><pad><pad><pad><pad><pad><pad><pad><pad><pad><pad><pad><pad><pad><pad><pad><pad><pad><pad><pad><pad><pad><pad><pad><pad><pad><pad><pad><pad><pad><pad><pad><pad><pad><pad><pad><pad><pad><pad><pad><pad><pad><pad><pad><pad><pad><pad><pad><pad><pad><pad><pad><pad><pad><pad><pad><pad><pad><pad><pad><pad><pad><pad>	0.0	0.0	xNeed	xNeed prefix: xNeed input_text: PersonX scores ___ for PersonX's team</s>	put on uniform</s>
11	[1 1 1 1 1 1 1 1 1 1 1 1 1 1 1 1 1 1 1 1 1 1 1 1 1 1 1 1 1 1 1 1 1 1]	{}	"[    3   226   567  6958   554 12304    10     3   226   567  6958  3785
   834  6327    10  5780     4  7387     7  5780     4    31     7     3
   834   834   834    16  5780     4    31     7  1780     1]"	[  12  240  112 1780   12  112  522    1]	xNeed	<pad> False</s><pad><pad><pad><pad><pad><pad><pad><pad><pad><pad><pad><pad><pad><pad><pad><pad><pad><pad><pad><pad><pad><pad><pad><pad><pad><pad><pad><pad><pad><pad><pad><pad><pad><pad><pad><pad><pad><pad><pad><pad><pad><pad><pad><pad><pad><pad><pad><pad><pad><pad><pad><pad><pad><pad><pad><pad><pad><pad><pad><pad><pad><pad><pad><pad><pad><pad><pad><pad><pad><pad><pad><pad><pad><pad><pad><pad><pad><pad><pad><pad><pad><pad><pad><pad><pad><pad><pad><pad><pad><pad><pad><pad><pad><pad><pad><pad><pad><pad><pad><pad><pad><pad><pad><pad><pad><pad><pad><pad><pad><pad><pad><pad><pad><pad><pad><pad><pad><pad><pad><pad><pad><pad><pad>	0.0	0.0	xNeed	xNeed prefix: xNeed input_text: PersonX hides PersonX's ___ in PersonX's hands</s>	to take his hands to his face</s>
12	[1 1 1 1 1 1 1 1 1 1 1 1 1 1 1 1 1 1 1 1 1 1 1 1]	{}	"[    3   226   567  6958   554 12304    10     3   226   567  6958  3785
   834  6327    10  5780     4  9797  5780   476    31     7  2034     1]"	[ 12  36 124 924   1]	xNeed	<pad> False</s><pad><pad><pad><pad><pad><pad><pad><pad><pad><pad><pad><pad><pad><pad><pad><pad><pad><pad><pad><pad><pad><pad><pad><pad><pad><pad><pad><pad><pad><pad><pad><pad><pad><pad><pad><pad><pad><pad><pad><pad><pad><pad><pad><pad><pad><pad><pad><pad><pad><pad><pad><pad><pad><pad><pad><pad><pad><pad><pad><pad><pad><pad><pad><pad><pad><pad><pad><pad><pad><pad><pad><pad><pad><pad><pad><pad><pad><pad><pad><pad><pad><pad><pad><pad><pad><pad><pad><pad><pad><pad><pad><pad><pad><pad><pad><pad><pad><pad><pad><pad><pad><pad><pad><pad><pad><pad><pad><pad><pad><pad><pad><pad><pad><pad><pad><pad><pad><pad><pad><pad><pad><pad><pad>	0.0	0.0	xNeed	xNeed prefix: xNeed input_text: PersonX breaks PersonY's window</s>	to be careless</s>
13	[1 1 1 1 1 1 1 1 1 1 1 1 1 1 1 1 1 1 1 1 1 1 1 1 1]	{}	"[    3   226   567  6958   554 12304    10     3   226   567  6958  3785
   834  6327    10  5780     4  4532  5780   476    31     7  1780    95
     1]"	[5839    1]	xNeed	<pad> True</s><pad><pad><pad><pad><pad><pad><pad><pad><pad><pad><pad><pad><pad><pad><pad><pad><pad><pad><pad><pad><pad><pad><pad><pad><pad><pad><pad><pad><pad><pad><pad><pad><pad><pad><pad><pad><pad><pad><pad><pad><pad><pad><pad><pad><pad><pad><pad><pad><pad><pad><pad><pad><pad><pad><pad><pad><pad><pad><pad><pad><pad><pad><pad><pad><pad><pad><pad><pad><pad><pad><pad><pad><pad><pad><pad><pad><pad><pad><pad><pad><pad><pad><pad><pad><pad><pad><pad><pad><pad><pad><pad><pad><pad><pad><pad><pad><pad><pad><pad><pad><pad><pad><pad><pad><pad><pad><pad><pad><pad><pad><pad><pad><pad><pad><pad><pad><pad><pad><pad><pad><pad><pad><pad><pad><pad>	0.0	0.0	xNeed	xNeed prefix: xNeed input_text: PersonX holds PersonY's hands up</s>	none</s>
14	[1 1 1 1 1 1 1 1 1 1 1 1 1 1 1 1 1 1 1 1]	{}	"[    3   226   567  6958   554 12304    10     3   226   567  6958  3785
   834  6327    10  5780     4 16567  9600     1]"	[253  91 116   3   9 467  19   1]	xNeed	<pad> xNeed prefix: xNeed xNeed prefix: xNeed xNeed xNeed xNeed xNeed xNeed xNeed xNeed xNeed xNeed xNeed xNeed xNeed xNeed xNeed xNeed xNeed xNeed xNeed xNeed xNeed xNeed xNeed xN</s><pad><pad><pad><pad><pad><pad><pad><pad><pad><pad><pad><pad><pad>	0.0	0.0	xNeed	xNeed prefix: xNeed input_text: PersonX watches baseball</s>	find out when a game is</s>
15	[1 1 1 1 1 1 1 1 1 1 1 1 1 1 1 1 1 1 1 1 1]	{}	"[    3   226   567  6958   554 12304    10     3   226   567  6958  3785
   834  6327    10  5780     4  3369   762    95     1]"	[  3   9 515   1]	xNeed	<pad> xNeed prefix: xNeed xNeed xNeed xNeed xNeed xNeed xNeed xNeed xNeed xNeed xNeed xNeed xNeed xNeed xNeed xNeed xNeed xNeed xNeed xNeed xNeed xNeed xNeed xNeed xNeed xNeed x</s><pad><pad><pad><pad><pad><pad><pad><pad><pad><pad><pad><pad><pad>	0.0	0.0	xNeed	xNeed prefix: xNeed input_text: PersonX sets everything up</s>	a plan</s>
16	[1 1 1 1 1 1 1 1 1 1 1 1 1 1 1 1 1 1 1 1 1 1]	{}	"[    3   226   567  6958   554 12304    10     3   226   567  6958  3785
   834  6327    10  5780     4 16567    34   334   239     1]"	[ 12 253  91 213  34  31   7  44   1]	xNeed	<pad> xNeed prefix: xNeed xNeed xNeed xNeed xNeed xNeed xNeed xNeed xNeed xNeed xNeed xNeed xNeed xNeed xNeed xNeed xNeed xNeed xNeed xNeed xNeed xNeed xNeed xNeed xNeed xNeed x</s><pad><pad><pad><pad><pad><pad><pad><pad><pad><pad><pad><pad><pad>	0.0	0.0	xNeed	xNeed prefix: xNeed input_text: PersonX watches it every day</s>	to find out where it's at</s>
17	[1 1 1 1 1 1 1 1 1 1 1 1 1 1 1 1 1 1 1 1 1]	{}	"[    3   226   567  6958   554 12304    10     3   226   567  6958  3785
   834  6327    10  5780     4    19   652   625     1]"	[5839    1]	xNeed	<pad> xNeed prefix: xNeed xNeed xNeed xNeed xNeed xNeed xNeed xNeed xNeed xNeed xNeed xNeed xNeed xNeed xNeed xNeed xNeed xNeed xNeed xNeed xNeed xNeed xNeed xNeed xNeed xNeed x</s><pad><pad><pad><pad><pad><pad><pad><pad><pad><pad><pad><pad><pad>	0.0	0.0	xNeed	xNeed prefix: xNeed input_text: PersonX is getting old</s>	none</s>
18	[1 1 1 1 1 1 1 1 1 1 1 1 1 1 1 1 1 1 1 1 1 1 1 1 1 1 1]	{}	"[    3   226   567  6958   554 12304    10     3   226   567  6958  3785
   834  6327    10  5780     4    54     3    29    31    17   253     3
     9   613     1]"	[  12 1581    1]	xNeed	<pad> xNeed prefix: xNeed xNeed xNeed xNeed xNeed xNeed xNeed xNeed xNeed xNeed xNeed xNeed xNeed xNeed xNeed xNeed xNeed xNeed xNeed xNeed xNeed xNeed xNeed xNeed xNeed xNeed x</s><pad><pad><pad><pad><pad><pad><pad><pad><pad><pad><pad><pad><pad>	0.0	0.0	xNeed	xNeed prefix: xNeed input_text: PersonX cann't find a job</s>	to apply</s>
19	[1 1 1 1 1 1 1 1 1 1 1 1 1 1 1 1 1 1 1 1 1 1 1 1]	{}	"[    3   226   567  6958   554 12304    10     3   226   567  6958  3785
   834  6327    10  5780     4  3231   334     3   834   834   834     1]"	[5839    1]	xNeed	<pad> xNeed prefix: xNeed xNeed xNeed xNeed xNeed xNeed xNeed xNeed xNeed xNeed xNeed xNeed xNeed xNeed xNeed xNeed xNeed xNeed xNeed xNeed xNeed xNeed xNeed xNeed xNeed xNeed x</s><pad><pad><pad><pad><pad><pad><pad><pad><pad><pad><pad><pad><pad>	0.0	0.0	xNeed	xNeed prefix: xNeed input_text: PersonX leaves every ___</s>	none</s>
20	[1 1 1 1 1 1 1 1 1 1 1 1 1 1 1 1 1 1 1 1]	{}	"[    3   226   567  6958   554 12304    10     3   226   567  6958  3785
   834  6327    10  5780     4  2347 14244     1]"	[5839    1]	xNeed	<pad> xNeed prefix: xNeed xNeed xNeed xNeed xNeed xNeed xNeed xNeed xNeed xNeed xNeed xNeed xNeed xNeed xNeed xNeed xNeed xNeed xNeed xNeed xNeed xNeed xNeed xNeed xNeed xNeed x</s><pad><pad><pad><pad><pad><pad><pad><pad><pad><pad><pad><pad><pad>	0.0	0.0	xNeed	xNeed prefix: xNeed input_text: PersonX gets stolen</s>	none</s>
21	[1 1 1 1 1 1 1 1 1 1 1 1 1 1 1 1 1 1 1 1 1 1]	{}	"[    3   226   567  6958   554 12304    10     3   226   567  6958  3785
   834  6327    10  5780     4     3  1544     7  2634     1]"	[  12  805 2634    1]	xNeed	<pad> True</s><pad><pad><pad><pad><pad><pad><pad><pad><pad><pad><pad><pad><pad><pad><pad><pad><pad><pad><pad><pad><pad><pad><pad><pad><pad><pad><pad><pad><pad><pad><pad><pad><pad><pad><pad><pad><pad><pad><pad><pad><pad><pad><pad><pad><pad><pad><pad><pad><pad><pad><pad><pad><pad><pad><pad><pad><pad><pad><pad><pad><pad><pad><pad><pad><pad><pad><pad><pad><pad><pad><pad><pad><pad><pad><pad><pad><pad><pad><pad><pad><pad><pad><pad><pad><pad><pad><pad><pad><pad><pad><pad><pad><pad><pad><pad><pad><pad><pad><pad><pad><pad><pad><pad><pad><pad><pad><pad><pad><pad><pad><pad><pad><pad><pad><pad><pad><pad><pad><pad><pad><pad><pad><pad><pad><pad>	0.0	0.0	xNeed	xNeed prefix: xNeed input_text: PersonX eats dinner</s>	to buy dinner</s>
22	[1 1 1 1 1 1 1 1 1 1 1 1 1 1 1 1 1 1 1 1 1 1 1 1 1]	{}	"[    3   226   567  6958   554 12304    10     3   226   567  6958  3785
   834  6327    10  5780     4  1217     3   834   834   834    13   502
     1]"	[   12   214  1082    31 14153     1]	xNeed	<pad> xNeed prefix: xNeed xNeed xNeed xNeed xNeed xNeed xNeed xNeed xNeed xNeed xNeed xNeed xNeed xNeed xNeed xNeed xNeed xNeed xNeed xNeed xNeed xNeed xNeed xNeed xNeed xNeed x</s><pad><pad><pad><pad><pad><pad><pad><pad><pad><pad><pad><pad><pad>	0.0	0.0	xNeed	xNeed prefix: xNeed input_text: PersonX takes ___ of children</s>	to know kids' psychology</s>
23	[1 1 1 1 1 1 1 1 1 1 1 1 1 1 1 1 1 1 1 1 1 1 1]	{}	"[    3   226   567  6958   554 12304    10     3   226   567  6958  3785
   834  6327    10  5780     4     3 12763  5780   476  1246     1]"	[5839    1]	xNeed	<pad> xNeed prefix: xNeed xNeed xNeed xNeed xNeed xNeed xNeed xNeed xNeed xNeed xNeed xNeed xNeed xNeed xNeed xNeed xNeed xNeed xNeed xNeed xNeed xNeed xNeed xNeed xNeed xNeed x</s><pad><pad><pad><pad><pad><pad><pad><pad><pad><pad><pad><pad><pad>	0.0	0.0	xNeed	xNeed prefix: xNeed input_text: PersonX reaches PersonY age</s>	none</s>
24	[1 1 1 1 1 1 1 1 1 1 1 1 1 1 1 1 1 1 1 1 1 1 1 1 1 1 1 1 1]	{}	"[    3   226   567  6958   554 12304    10     3   226   567  6958  3785
   834  6327    10  5780     4  4532     3   834   834   834    28  5780
     4    31     7  2807     1]"	[5839    1]	xNeed	<pad> True</s><pad><pad><pad><pad><pad><pad><pad><pad><pad><pad><pad><pad><pad><pad><pad><pad><pad><pad><pad><pad><pad><pad><pad><pad><pad><pad><pad><pad><pad><pad><pad><pad><pad><pad><pad><pad><pad><pad><pad><pad><pad><pad><pad><pad><pad><pad><pad><pad><pad><pad><pad><pad><pad><pad><pad><pad><pad><pad><pad><pad><pad><pad><pad><pad><pad><pad><pad><pad><pad><pad><pad><pad><pad><pad><pad><pad><pad><pad><pad><pad><pad><pad><pad><pad><pad><pad><pad><pad><pad><pad><pad><pad><pad><pad><pad><pad><pad><pad><pad><pad><pad><pad><pad><pad><pad><pad><pad><pad><pad><pad><pad><pad><pad><pad><pad><pad><pad><pad><pad><pad><pad><pad><pad><pad><pad>	0.0	0.0	xNeed	xNeed prefix: xNeed input_text: PersonX holds ___ with PersonX's forms</s>	none</s>
25	[1 1 1 1 1 1 1 1 1 1 1 1 1 1 1 1 1 1 1 1 1 1 1 1 1]	{}	"[    3   226   567  6958   554 12304    10     3   226   567  6958  3785
   834  6327    10  5780     4  5146    12  5780   476    31     7 29686
     1]"	[18486    70  8359     1]	xNeed	<pad> True</s><pad><pad><pad><pad><pad><pad><pad><pad><pad><pad><pad><pad><pad><pad><pad><pad><pad><pad><pad><pad><pad><pad><pad><pad><pad><pad><pad><pad><pad><pad><pad><pad><pad><pad><pad><pad><pad><pad><pad><pad><pad><pad><pad><pad><pad><pad><pad><pad><pad><pad><pad><pad><pad><pad><pad><pad><pad><pad><pad><pad><pad><pad><pad><pad><pad><pad><pad><pad><pad><pad><pad><pad><pad><pad><pad><pad><pad><pad><pad><pad><pad><pad><pad><pad><pad><pad><pad><pad><pad><pad><pad><pad><pad><pad><pad><pad><pad><pad><pad><pad><pad><pad><pad><pad><pad><pad><pad><pad><pad><pad><pad><pad><pad><pad><pad><pad><pad><pad><pad><pad><pad><pad><pad><pad><pad>	0.0	0.0	xNeed	xNeed prefix: xNeed input_text: PersonX returns to PersonY's homeland</s>	renew their visa</s>
26	[1 1 1 1 1 1 1 1 1 1 1 1 1 1 1 1 1]	{}	"[    3   226   567  6958   554 12304    10     3   226   567  6958  3785
   834  6327    10  2510     1]"	[  483 10366     7     1]	xNeed	<pad> xNeed xNeed xNeed xNeed xNeed xNeed xNeed xNeed xNeed xNeed xNeed xNeed xNeed xNeed xNeed xNeed xNeed xNeed xNeed xNeed xNeed xNeed xNeed xNeed xNeed xNeed xNeed xNeed </s><pad><pad><pad><pad><pad><pad><pad><pad><pad><pad><pad><pad><pad>	0.0	0.0	xNeed	xNeed prefix: xNeed input_text: exercise</s>	change cloths</s>
27	[1 1 1 1 1 1 1 1 1 1 1 1 1 1 1 1 1 1 1 1 1 1 1 1 1 1]	{}	"[    3   226   567  6958   554 12304    10     3   226   567  6958  3785
   834  6327    10  5780     4     3 12763     3   834   834   834    16
  3902     1]"	[5839    1]	xNeed	<pad> xNeed prefix: xNeed xNeed xNeed xNeed xNeed xNeed xNeed xNeed xNeed xNeed xNeed xNeed xNeed xNeed xNeed xNeed xNeed xNeed xNeed xNeed xNeed xNeed xNeed xNeed xNeed xNeed x</s><pad><pad><pad><pad><pad><pad><pad><pad><pad><pad><pad><pad><pad>	0.0	0.0	xNeed	xNeed prefix: xNeed input_text: PersonX reaches ___ in height</s>	none</s>
28	[1 1 1 1 1 1 1 1 1 1 1 1 1 1 1 1 1 1 1 1 1]	{}	"[    3   226   567  6958   554 12304    10     3   226   567  6958  3785
   834  6327    10  5780     4  8620  5780     4     1]"	[ 12  36 124 924   1]	xNeed	<pad> xNeed prefix: xNeed input_text: PersonX cuts PersonX cuts xNeed xNeed xNeed xNeed xNeed xNeed xNeed xNeed xNeed xNeed xNeed xNeed xNeed xNeed xNeed xNeed xNeed xNeed xNeed xNeed xNeed xNeed xNeed</s><pad><pad><pad><pad><pad><pad><pad><pad><pad><pad><pad><pad><pad>	0.0	0.0	xNeed	xNeed prefix: xNeed input_text: PersonX cuts PersonX</s>	to be careless</s>
29	[1 1 1 1 1 1 1 1 1 1 1 1 1 1 1 1 1 1 1 1 1]	{}	"[    3   226   567  6958   554 12304    10     3   226   567  6958  3785
   834  6327    10  5780     4    19   652 13086     1]"	[304  36  91  13 234   1]	xNeed	<pad> xNeed prefix: xNeed xNeed xNeed xNeed xNeed xNeed xNeed xNeed xNeed xNeed xNeed xNeed xNeed xNeed xNeed xNeed xNeed xNeed xNeed xNeed xNeed xNeed xNeed xNeed xNeed xNeed x</s><pad><pad><pad><pad><pad><pad><pad><pad><pad><pad><pad><pad><pad>	0.0	0.0	xNeed	xNeed prefix: xNeed input_text: PersonX is getting dirty</s>	To be out of home</s>
30	[1 1 1 1 1 1 1 1 1 1 1 1 1 1 1 1 1 1 1 1 1 1 1 1]	{}	"[    3   226   567  6958   554 12304    10     3   226   567  6958  3785
   834  6327    10  5780     4  1217     3   834   834   834  4828     1]"	[  12   36 1586   63    1]	xNeed	<pad> xNeed prefix: xNeed xNeed xNeed xNeed xNeed xNeed xNeed xNeed xNeed xNeed xNeed xNeed xNeed xNeed xNeed xNeed xNeed xNeed xNeed xNeed xNeed xNeed xNeed xNeed xNeed xNeed x</s><pad><pad><pad><pad><pad><pad><pad><pad><pad><pad><pad><pad><pad>	0.0	0.0	xNeed	xNeed prefix: xNeed input_text: PersonX takes ___ personally</s>	to be touchy</s>
31	[1 1 1 1 1 1 1 1 1 1 1 1 1 1 1 1 1 1 1 1 1 1]	{}	"[    3   226   567  6958   554 12304    10     3   226   567  6958  3785
   834  6327    10  5780     4  1416  1587  5780   476     1]"	[  12  320   21 5780  476    1]	xNeed	<pad> xNeed prefix: xNeed input_text: PersonY looks towards PersonY. xNeed xNeed xNeed xNeed xNeed xNeed xNeed xNeed xNeed xNeed xNeed xNeed xNeed xNeed xNeed xNeed xNeed xNeed xNeed xNeed xNeed xNeed xN</s><pad><pad><pad><pad><pad><pad><pad><pad><pad><pad><pad><pad><pad>	0.0	0.0	xNeed	xNeed prefix: xNeed input_text: PersonX looks towards PersonY</s>	to look for PersonY</s>
32	[1 1 1 1 1 1 1 1 1 1 1 1 1 1 1 1 1 1 1 1 1 1 1 1 1 1]	{}	"[    3   226   567  6958   554 12304    10     3   226   567  6958  3785
   834  6327    10  5780     4  1217     3   834   834   834    16     8
  3392     1]"	[ 2054     8   276 15251   139     8  1057     1]	xNeed	<pad> xNeed prefix: xNeed xNeed xNeed xNeed xNeed xNeed xNeed xNeed xNeed xNeed xNeed xNeed xNeed xNeed xNeed xNeed xNeed xNeed xNeed xNeed xNeed xNeed xNeed xNeed xNeed xNeed x</s><pad><pad><pad><pad><pad><pad><pad><pad><pad><pad><pad><pad><pad>	0.0	0.0	xNeed	xNeed prefix: xNeed input_text: PersonX takes ___ in the battle</s>	force the POW into the field</s>
33	[1 1 1 1 1 1 1 1 1 1 1 1 1 1 1 1 1 1 1 1 1 1 1 1 1 1 1 1 1 1]	{}	"[    3   226   567  6958   554 12304    10     3   226   567  6958  3785
   834  6327    10  5780     4     3  1544     7     3   834   834   834
   114     8     3    32   226     1]"	[  12    3 1544    3    9  418    1]	xNeed	<pad> False</s><pad><pad><pad><pad><pad><pad><pad><pad><pad><pad><pad><pad><pad><pad><pad><pad><pad><pad><pad><pad><pad><pad><pad><pad><pad><pad><pad><pad><pad><pad><pad><pad><pad><pad><pad><pad><pad><pad><pad><pad><pad><pad><pad><pad><pad><pad><pad><pad><pad><pad><pad><pad><pad><pad><pad><pad><pad><pad><pad><pad><pad><pad><pad><pad><pad><pad><pad><pad><pad><pad><pad><pad><pad><pad><pad><pad><pad><pad><pad><pad><pad><pad><pad><pad><pad><pad><pad><pad><pad><pad><pad><pad><pad><pad><pad><pad><pad><pad><pad><pad><pad><pad><pad><pad><pad><pad><pad><pad><pad><pad><pad><pad><pad><pad><pad><pad><pad><pad><pad><pad><pad><pad><pad>	0.0	0.0	xNeed	xNeed prefix: xNeed input_text: PersonX eats ___ like the ox</s>	to eat a lot</s>
34	[1 1 1 1 1 1 1 1 1 1 1 1 1 1 1 1 1 1 1 1 1 1]	{}	"[    3   226   567  6958   554 12304    10     3   226   567  6958  3785
   834  6327    10  5780     4  9016   590     8  2815     1]"	[1482    1]	xNeed	<pad> xNeed prefix: xNeed xNeed xNeed xNeed xNeed xNeed xNeed xNeed xNeed xNeed xNeed xNeed xNeed xNeed xNeed xNeed xNeed xNeed xNeed xNeed xNeed xNeed xNeed xNeed xNeed xNeed x</s><pad><pad><pad><pad><pad><pad><pad><pad><pad><pad><pad><pad><pad>	0.0	0.0	xNeed	xNeed prefix: xNeed input_text: PersonX passes along the street</s>	walk</s>
35	[1 1 1 1 1 1 1 1 1 1 1 1 1 1 1 1 1 1 1 1 1 1]	{}	"[    3   226   567  6958   554 12304    10     3   226   567  6958  3785
   834  6327    10  5780     4  1217  5780   476  1867     1]"	[11581     1]	xNeed	<pad> xNeed prefix: xNeed xNeed xNeed xNeed xNeed xNeed xNeed xNeed xNeed xNeed xNeed xNeed xNeed xNeed xNeed xNeed xNeed xNeed xNeed xNeed xNeed xNeed xNeed xNeed xNeed xNeed x</s><pad><pad><pad><pad><pad><pad><pad><pad><pad><pad><pad><pad><pad>	0.0	0.0	xNeed	xNeed prefix: xNeed input_text: PersonX takes PersonY advice</s>	ears</s>
36	[1 1 1 1 1 1 1 1 1 1 1 1 1 1 1 1 1 1 1 1 1 1 1 1 1 1]	{}	"[    3   226   567  6958   554 12304    10     3   226   567  6958  3785
   834  6327    10  5780     4  5689     8     3   834   834   834    16
   809     1]"	[  12 1535    3    9 7489    1]	xNeed	<pad> xNeed prefix: xNeed xNeed xNeed xNeed xNeed xNeed xNeed xNeed xNeed xNeed xNeed xNeed xNeed xNeed xNeed xNeed xNeed xNeed xNeed xNeed xNeed xNeed xNeed xNeed xNeed xNeed x</s><pad><pad><pad><pad><pad><pad><pad><pad><pad><pad><pad><pad><pad>	0.0	0.0	xNeed	xNeed prefix: xNeed input_text: PersonX keeps the ___ in mind</s>	to reach a conclusion</s>
37	[1 1 1 1 1 1 1 1 1 1 1 1 1 1 1 1 1 1 1 1 1 1 1 1 1 1 1 1 1]	{}	"[    3   226   567  6958   554 12304    10     3   226   567  6958  3785
   834  6327    10  5780     4  4595     7     3   834   834   834    73
   235     8  5780   476     1]"	[  12  214 5780  476    1]	xNeed	<pad> True</s><pad><pad><pad><pad><pad><pad><pad><pad><pad><pad><pad><pad><pad><pad><pad><pad><pad><pad><pad><pad><pad><pad><pad><pad><pad><pad><pad><pad><pad><pad><pad><pad><pad><pad><pad><pad><pad><pad><pad><pad><pad><pad><pad><pad><pad><pad><pad><pad><pad><pad><pad><pad><pad><pad><pad><pad><pad><pad><pad><pad><pad><pad><pad><pad><pad><pad><pad><pad><pad><pad><pad><pad><pad><pad><pad><pad><pad><pad><pad><pad><pad><pad><pad><pad><pad><pad><pad><pad><pad><pad><pad><pad><pad><pad><pad><pad><pad><pad><pad><pad><pad><pad><pad><pad><pad><pad><pad><pad><pad><pad><pad><pad><pad><pad><pad><pad><pad><pad><pad><pad><pad><pad><pad><pad><pad>	0.0	0.0	xNeed	xNeed prefix: xNeed input_text: PersonX bears ___ unto the PersonY</s>	to know PersonY</s>
38	[1 1 1 1 1 1 1 1 1 1 1 1 1 1 1 1 1 1 1 1 1 1 1 1 1]	{}	"[    3   226   567  6958   554 12304    10     3   226   567  6958  3785
   834  6327    10  5780     4  2284     3   834   834   834    12  1984
     1]"	[  12 3442  424    1]	xNeed	<pad> xNeed prefix: xNeed xNeed prefix: xNeed xNeed xNeed xNeed xNeed xNeed xNeed xNeed xNeed xNeed xNeed xNeed xNeed xNeed xNeed xNeed xNeed xNeed xNeed xNeed xNeed xNeed xNeed xN</s><pad><pad><pad><pad><pad><pad><pad><pad><pad><pad><pad><pad><pad>	0.0	0.0	xNeed	xNeed prefix: xNeed input_text: PersonX uses ___ to achieve</s>	to obtain something</s>
39	[1 1 1 1 1 1 1 1 1 1 1 1 1 1 1 1 1 1 1 1 1 1 1 1 1]	{}	"[    3   226   567  6958   554 12304    10     3   226   567  6958  3785
   834  6327    10  5780     4 11230     7   334     3   834   834   834
     1]"	[   12   241    34    12    36 23006     1]	xNeed	<pad> False</s><pad><pad><pad><pad><pad><pad><pad><pad><pad><pad><pad><pad><pad><pad><pad><pad><pad><pad><pad><pad><pad><pad><pad><pad><pad><pad><pad><pad><pad><pad><pad><pad><pad><pad><pad><pad><pad><pad><pad><pad><pad><pad><pad><pad><pad><pad><pad><pad><pad><pad><pad><pad><pad><pad><pad><pad><pad><pad><pad><pad><pad><pad><pad><pad><pad><pad><pad><pad><pad><pad><pad><pad><pad><pad><pad><pad><pad><pad><pad><pad><pad><pad><pad><pad><pad><pad><pad><pad><pad><pad><pad><pad><pad><pad><pad><pad><pad><pad><pad><pad><pad><pad><pad><pad><pad><pad><pad><pad><pad><pad><pad><pad><pad><pad><pad><pad><pad><pad><pad><pad><pad><pad><pad>	0.0	0.0	xNeed	xNeed prefix: xNeed input_text: PersonX confronts every ___</s>	to want it to be corrected</s>
40	[1 1 1 1 1 1 1 1 1 1 1 1 1 1 1 1 1 1 1 1 1 1 1 1 1 1 1 1 1 1]	{}	"[    3   226   567  6958   554 12304    10     3   226   567  6958  3785
   834  6327    10  5780     4  4532     8     3   834   834   834    16
  5780     4    31     7   609     1]"	[5839    1]	xNeed	<pad> False</s><pad><pad><pad><pad><pad><pad><pad><pad><pad><pad><pad><pad><pad><pad><pad><pad><pad><pad><pad><pad><pad><pad><pad><pad><pad><pad><pad><pad><pad><pad><pad><pad><pad><pad><pad><pad><pad><pad><pad><pad><pad><pad><pad><pad><pad><pad><pad><pad><pad><pad><pad><pad><pad><pad><pad><pad><pad><pad><pad><pad><pad><pad><pad><pad><pad><pad><pad><pad><pad><pad><pad><pad><pad><pad><pad><pad><pad><pad><pad><pad><pad><pad><pad><pad><pad><pad><pad><pad><pad><pad><pad><pad><pad><pad><pad><pad><pad><pad><pad><pad><pad><pad><pad><pad><pad><pad><pad><pad><pad><pad><pad><pad><pad><pad><pad><pad><pad><pad><pad><pad><pad><pad><pad>	0.0	0.0	xNeed	xNeed prefix: xNeed input_text: PersonX holds the ___ in PersonX's hand</s>	none</s>
41	[1 1 1 1 1 1 1 1 1 1 1 1 1 1 1 1 1 1 1 1 1 1 1 1 1]	{}	"[    3   226   567  6958   554 12304    10     3   226   567  6958  3785
   834  6327    10  5780     4  3793     7  5780   476    31     7  6026
     1]"	[  12 6131  112 6026    1]	xNeed	<pad> False</s><pad><pad><pad><pad><pad><pad><pad><pad><pad><pad><pad><pad><pad><pad><pad><pad><pad><pad><pad><pad><pad><pad><pad><pad><pad><pad><pad><pad><pad><pad><pad><pad><pad><pad><pad><pad><pad><pad><pad><pad><pad><pad><pad><pad><pad><pad><pad><pad><pad><pad><pad><pad><pad><pad><pad><pad><pad><pad><pad><pad><pad><pad><pad><pad><pad><pad><pad><pad><pad><pad><pad><pad><pad><pad><pad><pad><pad><pad><pad><pad><pad><pad><pad><pad><pad><pad><pad><pad><pad><pad><pad><pad><pad><pad><pad><pad><pad><pad><pad><pad><pad><pad><pad><pad><pad><pad><pad><pad><pad><pad><pad><pad><pad><pad><pad><pad><pad><pad><pad><pad><pad><pad><pad>	0.0	0.0	xNeed	xNeed prefix: xNeed input_text: PersonX throws PersonY's arms</s>	to grab his arms</s>
42	[1 1 1 1 1 1 1 1 1 1 1 1 1 1 1 1 1 1 1 1 1 1 1]	{}	"[    3   226   567  6958   554 12304    10     3   226   567  6958  3785
   834  6327    10  5780     4  1527  3098    12  5780   476     1]"	[  12   16 2248 5339  424    1]	xNeed	<pad> xNeed prefix: xNeed input_text: xNeed xNeed xNeed xNeed xNeed xNeed xNeed xNeed xNeed xNeed xNeed xNeed xNeed xNeed xNeed xNeed xNeed xNeed xNeed xNeed xNeed xNeed xNeed xNeed x</s><pad><pad><pad><pad><pad><pad><pad><pad><pad><pad><pad><pad><pad>	0.0	0.0	xNeed	xNeed prefix: xNeed input_text: PersonX gives rise to PersonY</s>	to instigate something</s>
43	[1 1 1 1 1 1 1 1 1 1 1 1 1 1 1 1 1 1 1 1 1 1 1 1 1]	{}	"[    3   226   567  6958   554 12304    10     3   226   567  6958  3785
   834  6327    10  5780     4   656  5780   476    31     7   803  8719
     1]"	[  12   36 4265    3  476    1]	xNeed	<pad> True</s><pad><pad><pad><pad><pad><pad><pad><pad><pad><pad><pad><pad><pad><pad><pad><pad><pad><pad><pad><pad><pad><pad><pad><pad><pad><pad><pad><pad><pad><pad><pad><pad><pad><pad><pad><pad><pad><pad><pad><pad><pad><pad><pad><pad><pad><pad><pad><pad><pad><pad><pad><pad><pad><pad><pad><pad><pad><pad><pad><pad><pad><pad><pad><pad><pad><pad><pad><pad><pad><pad><pad><pad><pad><pad><pad><pad><pad><pad><pad><pad><pad><pad><pad><pad><pad><pad><pad><pad><pad><pad><pad><pad><pad><pad><pad><pad><pad><pad><pad><pad><pad><pad><pad><pad><pad><pad><pad><pad><pad><pad><pad><pad><pad><pad><pad><pad><pad><pad><pad><pad><pad><pad><pad><pad><pad>	0.0	0.0	xNeed	xNeed prefix: xNeed input_text: PersonX makes PersonY's friends laugh</s>	to be knowing Y</s>
44	[1 1 1 1 1 1 1 1 1 1 1 1 1 1 1 1 1 1 1 1 1 1 1 1 1]	{}	"[    3   226   567  6958   554 12304    10     3   226   567  6958  3785
   834  6327    10  5780     4  6963     8     3   834   834   834  1776
     1]"	[ 12 608   8 503   1]	xNeed	<pad> xNeed prefix: xNeed prefix: xNeed prefix: xNeed prefix: xNeed prefix: xNeed prefix: xNeed prefix: xNeed prefix: xNeed prefix: xNeed prefix: xNeed prefix: xNeed prefix: xNeed prefix: xNeed prefix: xNeed prefix: xNeed prefix: </s><pad><pad><pad><pad><pad><pad><pad><pad><pad><pad><pad><pad><pad>	0.0	0.0	xNeed	xNeed prefix: xNeed input_text: PersonX follows the ___ exactly</s>	to read the course</s>
45	[1 1 1 1 1 1 1 1 1 1 1 1 1 1 1 1 1 1 1 1 1 1 1]	{}	"[    3   226   567  6958   554 12304    10     3   226   567  6958  3785
   834  6327    10  5780     4  2347     3     9  1248   613     1]"	[1581   12 2476    1]	xNeed	<pad> xNeed prefix: xNeed xNeed xNeed xNeed xNeed xNeed xNeed xNeed xNeed xNeed xNeed xNeed xNeed xNeed xNeed xNeed xNeed xNeed xNeed xNeed xNeed xNeed xNeed xNeed xNeed xNeed x</s><pad><pad><pad><pad><pad><pad><pad><pad><pad><pad><pad><pad><pad>	0.0	0.0	xNeed	xNeed prefix: xNeed input_text: PersonX gets a summer job</s>	apply to jobs</s>
46	[1 1 1 1 1 1 1 1 1 1 1 1 1 1 1 1 1 1 1 1 1 1 1 1 1 1 1 1 1]	{}	"[    3   226   567  6958   554 12304    10     3   226   567  6958  3785
   834  6327    10  5780     4 12902     3   834   834   834    16  5780
     4    31     7  1342     1]"	[810   1]	xNeed	<pad> True</s><pad><pad><pad><pad><pad><pad><pad><pad><pad><pad><pad><pad><pad><pad><pad><pad><pad><pad><pad><pad><pad><pad><pad><pad><pad><pad><pad><pad><pad><pad><pad><pad><pad><pad><pad><pad><pad><pad><pad><pad><pad><pad><pad><pad><pad><pad><pad><pad><pad><pad><pad><pad><pad><pad><pad><pad><pad><pad><pad><pad><pad><pad><pad><pad><pad><pad><pad><pad><pad><pad><pad><pad><pad><pad><pad><pad><pad><pad><pad><pad><pad><pad><pad><pad><pad><pad><pad><pad><pad><pad><pad><pad><pad><pad><pad><pad><pad><pad><pad><pad><pad><pad><pad><pad><pad><pad><pad><pad><pad><pad><pad><pad><pad><pad><pad><pad><pad><pad><pad><pad><pad><pad><pad><pad><pad>	0.0	0.0	xNeed	xNeed prefix: xNeed input_text: PersonX finds ___ in PersonX's lives</s>	study</s>
47	[1 1 1 1 1 1 1 1 1 1 1 1 1 1 1 1 1 1 1 1 1 1 1 1 1 1 1 1 1 1]	{}	"[    3   226   567  6958   554 12304    10     3   226   567  6958  3785
   834  6327    10  5780     4  1267     3   834   834   834    12    66
  5780     4    31     7   803     1]"	[  12 1520    8 3735    1]	xNeed	<pad> True</s><pad><pad><pad><pad><pad><pad><pad><pad><pad><pad><pad><pad><pad><pad><pad><pad><pad><pad><pad><pad><pad><pad><pad><pad><pad><pad><pad><pad><pad><pad><pad><pad><pad><pad><pad><pad><pad><pad><pad><pad><pad><pad><pad><pad><pad><pad><pad><pad><pad><pad><pad><pad><pad><pad><pad><pad><pad><pad><pad><pad><pad><pad><pad><pad><pad><pad><pad><pad><pad><pad><pad><pad><pad><pad><pad><pad><pad><pad><pad><pad><pad><pad><pad><pad><pad><pad><pad><pad><pad><pad><pad><pad><pad><pad><pad><pad><pad><pad><pad><pad><pad><pad><pad><pad><pad><pad><pad><pad><pad><pad><pad><pad><pad><pad><pad><pad><pad><pad><pad><pad><pad><pad><pad><pad><pad>	0.0	0.0	xNeed	xNeed prefix: xNeed input_text: PersonX shows ___ to all PersonX's friends</s>	to hold the object</s>
48	[1 1 1 1 1 1 1 1 1 1 1 1 1 1 1 1 1 1 1 1 1 1 1 1 1]	{}	"[    3   226   567  6958   554 12304    10     3   226   567  6958  3785
   834  6327    10  5780     4 23334     7  5780     4    31     7   523
     1]"	[ 12 143 540   1]	xNeed	<pad> True</s><pad><pad><pad><pad><pad><pad><pad><pad><pad><pad><pad><pad><pad><pad><pad><pad><pad><pad><pad><pad><pad><pad><pad><pad><pad><pad><pad><pad><pad><pad><pad><pad><pad><pad><pad><pad><pad><pad><pad><pad><pad><pad><pad><pad><pad><pad><pad><pad><pad><pad><pad><pad><pad><pad><pad><pad><pad><pad><pad><pad><pad><pad><pad><pad><pad><pad><pad><pad><pad><pad><pad><pad><pad><pad><pad><pad><pad><pad><pad><pad><pad><pad><pad><pad><pad><pad><pad><pad><pad><pad><pad><pad><pad><pad><pad><pad><pad><pad><pad><pad><pad><pad><pad><pad><pad><pad><pad><pad><pad><pad><pad><pad><pad><pad><pad><pad><pad><pad><pad><pad><pad><pad><pad><pad><pad>	0.0	0.0	xNeed	xNeed prefix: xNeed input_text: PersonX fulfils PersonX's needs</s>	to make money</s>
49	[1 1 1 1 1 1 1 1 1 1 1 1 1 1 1 1 1 1 1 1 1 1]	{}	"[    3   226   567  6958   554 12304    10     3   226   567  6958  3785
   834  6327    10  5780     4  4054  5780   476   631     1]"	[5839    1]	xNeed	<pad> xNeed prefix: xNeed xNeed xNeed xNeed xNeed xNeed xNeed xNeed xNeed xNeed xNeed xNeed xNeed xNeed xNeed xNeed xNeed xNeed xNeed xNeed xNeed xNeed xNeed xNeed xNeed xNeed x</s><pad><pad><pad><pad><pad><pad><pad><pad><pad><pad><pad><pad><pad>	0.0	0.0	xNeed	xNeed prefix: xNeed input_text: PersonX knows PersonY enough</s>	none</s>
50	[1 1 1 1 1 1 1 1 1 1 1 1 1 1 1 1 1 1 1 1 1 1 1]	{}	"[    3   226   567  6958   554 12304    10     3   226   567  6958  3785
   834  6327    10  5780     4  3011     7    12     8  2252     1]"	[  12  805    3    9  126 6702 2252    1]	xNeed	<pad> True</s><pad><pad><pad><pad><pad><pad><pad><pad><pad><pad><pad><pad><pad><pad><pad><pad><pad><pad><pad><pad><pad><pad><pad><pad><pad><pad><pad><pad><pad><pad><pad><pad><pad><pad><pad><pad><pad><pad><pad><pad><pad><pad><pad><pad><pad><pad><pad><pad><pad><pad><pad><pad><pad><pad><pad><pad><pad><pad><pad><pad><pad><pad><pad><pad><pad><pad><pad><pad><pad><pad><pad><pad><pad><pad><pad><pad><pad><pad><pad><pad><pad><pad><pad><pad><pad><pad><pad><pad><pad><pad><pad><pad><pad><pad><pad><pad><pad><pad><pad><pad><pad><pad><pad><pad><pad><pad><pad><pad><pad><pad><pad><pad><pad><pad><pad><pad><pad><pad><pad><pad><pad><pad><pad><pad><pad>	0.0	0.0	xNeed	xNeed prefix: xNeed input_text: PersonX listens to the radio</s>	to buy a new clock radio</s>
51	[1 1 1 1 1 1 1 1 1 1 1 1 1 1 1 1 1 1 1 1 1 1 1 1 1 1]	{}	"[    3   226   567  6958   554 12304    10     3   226   567  6958  3785
   834  6327    10  5780     4  7250    12  5780   476    31     7  6476
     7     1]"	[  12 9409   28 5780  476    1]	xNeed	<pad> False</s><pad><pad><pad><pad><pad><pad><pad><pad><pad><pad><pad><pad><pad><pad><pad><pad><pad><pad><pad><pad><pad><pad><pad><pad><pad><pad><pad><pad><pad><pad><pad><pad><pad><pad><pad><pad><pad><pad><pad><pad><pad><pad><pad><pad><pad><pad><pad><pad><pad><pad><pad><pad><pad><pad><pad><pad><pad><pad><pad><pad><pad><pad><pad><pad><pad><pad><pad><pad><pad><pad><pad><pad><pad><pad><pad><pad><pad><pad><pad><pad><pad><pad><pad><pad><pad><pad><pad><pad><pad><pad><pad><pad><pad><pad><pad><pad><pad><pad><pad><pad><pad><pad><pad><pad><pad><pad><pad><pad><pad><pad><pad><pad><pad><pad><pad><pad><pad><pad><pad><pad><pad><pad><pad>	0.0	0.0	xNeed	xNeed prefix: xNeed input_text: PersonX falls to PersonY's knees</s>	to argue with PersonY</s>
52	[1 1 1 1 1 1 1 1 1 1 1 1 1 1 1 1 1 1 1 1 1 1]	{}	"[    3   226   567  6958   554 12304    10     3   226   567  6958  3785
   834  6327    10  5780     4  8147     7   139  1953     1]"	[5839    1]	xNeed	<pad> True</s><pad><pad><pad><pad><pad><pad><pad><pad><pad><pad><pad><pad><pad><pad><pad><pad><pad><pad><pad><pad><pad><pad><pad><pad><pad><pad><pad><pad><pad><pad><pad><pad><pad><pad><pad><pad><pad><pad><pad><pad><pad><pad><pad><pad><pad><pad><pad><pad><pad><pad><pad><pad><pad><pad><pad><pad><pad><pad><pad><pad><pad><pad><pad><pad><pad><pad><pad><pad><pad><pad><pad><pad><pad><pad><pad><pad><pad><pad><pad><pad><pad><pad><pad><pad><pad><pad><pad><pad><pad><pad><pad><pad><pad><pad><pad><pad><pad><pad><pad><pad><pad><pad><pad><pad><pad><pad><pad><pad><pad><pad><pad><pad><pad><pad><pad><pad><pad><pad><pad><pad><pad><pad><pad><pad><pad>	0.0	0.0	xNeed	xNeed prefix: xNeed input_text: PersonX climbs into bed</s>	none</s>
53	[1 1 1 1 1 1 1 1 1 1 1 1 1 1 1 1 1 1 1 1]	{}	"[    3   226   567  6958   554 12304    10     3   226   567  6958  3785
   834  6327    10  5780     4   656 11617     1]"	[5839    1]	xNeed	<pad> xNeed prefix: xNeed xNeed prefix: xNeed xNeed xNeed xNeed xNeed xNeed xNeed xNeed xNeed xNeed xNeed xNeed xNeed xNeed xNeed xNeed xNeed xNeed xNeed xNeed xNeed xNeed xNeed xN</s><pad><pad><pad><pad><pad><pad><pad><pad><pad><pad><pad><pad><pad>	0.0	0.0	xNeed	xNeed prefix: xNeed input_text: PersonX makes candy</s>	none</s>
54	[1 1 1 1 1 1 1 1 1 1 1 1 1 1 1 1 1 1 1 1 1 1 1 1]	{}	"[    3   226   567  6958   554 12304    10     3   226   567  6958  3785
   834  6327    10  5780     4  8598     7    16     8  1679     7     1]"	[  12 2331  128  387    1]	xNeed	<pad> False</s><pad><pad><pad><pad><pad><pad><pad><pad><pad><pad><pad><pad><pad><pad><pad><pad><pad><pad><pad><pad><pad><pad><pad><pad><pad><pad><pad><pad><pad><pad><pad><pad><pad><pad><pad><pad><pad><pad><pad><pad><pad><pad><pad><pad><pad><pad><pad><pad><pad><pad><pad><pad><pad><pad><pad><pad><pad><pad><pad><pad><pad><pad><pad><pad><pad><pad><pad><pad><pad><pad><pad><pad><pad><pad><pad><pad><pad><pad><pad><pad><pad><pad><pad><pad><pad><pad><pad><pad><pad><pad><pad><pad><pad><pad><pad><pad><pad><pad><pad><pad><pad><pad><pad><pad><pad><pad><pad><pad><pad><pad><pad><pad><pad><pad><pad><pad><pad><pad><pad><pad><pad><pad><pad>	0.0	0.0	xNeed	xNeed prefix: xNeed input_text: PersonX hikes in the woods</s>	to carry some water</s>
55	[1 1 1 1 1 1 1 1 1 1 1 1 1 1 1 1 1 1 1 1 1]	{}	"[    3   226   567  6958   554 12304    10     3   226   567  6958  3785
   834  6327    10  5780     4   656   430  3332     1]"	[  12   43  263 2332 3332    1]	xNeed	<pad> xNeed prefix: xNeed xNeed prefix: xNeed xNeed xNeed xNeed xNeed xNeed xNeed xNeed xNeed xNeed xNeed xNeed xNeed xNeed xNeed xNeed xNeed xNeed xNeed xNeed xNeed xNeed xNeed xN</s><pad><pad><pad><pad><pad><pad><pad><pad><pad><pad><pad><pad><pad>	0.0	0.0	xNeed	xNeed prefix: xNeed input_text: PersonX makes another attempt</s>	to have made initial attempt</s>
56	[1 1 1 1 1 1 1 1 1 1 1 1 1 1 1 1 1 1 1 1 1 1 1 1]	{}	"[    3   226   567  6958   554 12304    10     3   226   567  6958  3785
   834  6327    10  5780     4  4227     3     9   418    13  1406     1]"	[5839    1]	xNeed	<pad> xNeed prefix: xNeed xNeed xNeed xNeed xNeed xNeed xNeed xNeed xNeed xNeed xNeed xNeed xNeed xNeed xNeed xNeed xNeed xNeed xNeed xNeed xNeed xNeed xNeed xNeed xNeed xNeed x</s><pad><pad><pad><pad><pad><pad><pad><pad><pad><pad><pad><pad><pad>	0.0	0.0	xNeed	xNeed prefix: xNeed input_text: PersonX feels a lot of pain</s>	none</s>
57	[1 1 1 1 1 1 1 1 1 1 1 1 1 1 1 1 1 1 1 1 1 1 1 1 1 1 1]	{}	"[    3   226   567  6958   554 12304    10     3   226   567  6958  3785
   834  6327    10  5780     4 15487     7     3   834   834   834    30
     8  1501     1]"	[  12  171    8 2013    1]	xNeed	<pad> False</s><pad><pad><pad><pad><pad><pad><pad><pad><pad><pad><pad><pad><pad><pad><pad><pad><pad><pad><pad><pad><pad><pad><pad><pad><pad><pad><pad><pad><pad><pad><pad><pad><pad><pad><pad><pad><pad><pad><pad><pad><pad><pad><pad><pad><pad><pad><pad><pad><pad><pad><pad><pad><pad><pad><pad><pad><pad><pad><pad><pad><pad><pad><pad><pad><pad><pad><pad><pad><pad><pad><pad><pad><pad><pad><pad><pad><pad><pad><pad><pad><pad><pad><pad><pad><pad><pad><pad><pad><pad><pad><pad><pad><pad><pad><pad><pad><pad><pad><pad><pad><pad><pad><pad><pad><pad><pad><pad><pad><pad><pad><pad><pad><pad><pad><pad><pad><pad><pad><pad><pad><pad><pad><pad>	0.0	0.0	xNeed	xNeed prefix: xNeed input_text: PersonX spills ___ on the floor</s>	to pour the wine</s>
58	[1 1 1 1 1 1 1 1 1 1 1 1 1 1 1 1 1 1 1 1 1 1 1 1 1]	{}	"[    3   226   567  6958   554 12304    10     3   226   567  6958  3785
   834  6327    10  5780     4  6131     7  5780   476    31     7  1339
     1]"	[  12 2140    8 1339    1]	xNeed	<pad> False</s><pad><pad><pad><pad><pad><pad><pad><pad><pad><pad><pad><pad><pad><pad><pad><pad><pad><pad><pad><pad><pad><pad><pad><pad><pad><pad><pad><pad><pad><pad><pad><pad><pad><pad><pad><pad><pad><pad><pad><pad><pad><pad><pad><pad><pad><pad><pad><pad><pad><pad><pad><pad><pad><pad><pad><pad><pad><pad><pad><pad><pad><pad><pad><pad><pad><pad><pad><pad><pad><pad><pad><pad><pad><pad><pad><pad><pad><pad><pad><pad><pad><pad><pad><pad><pad><pad><pad><pad><pad><pad><pad><pad><pad><pad><pad><pad><pad><pad><pad><pad><pad><pad><pad><pad><pad><pad><pad><pad><pad><pad><pad><pad><pad><pad><pad><pad><pad><pad><pad><pad><pad><pad><pad>	0.0	0.0	xNeed	xNeed prefix: xNeed input_text: PersonX grabs PersonY's tools</s>	to spot the tools</s>
59	[1 1 1 1 1 1 1 1 1 1 1 1 1 1 1 1 1 1 1 1 1 1]	{}	"[    3   226   567  6958   554 12304    10     3   226   567  6958  3785
   834  6327    10  5780     4   656     3     9 13019     1]"	[ 12 281 367   1]	xNeed	<pad> xNeed prefix: xNeed xNeed xNeed xNeed xNeed xNeed xNeed xNeed xNeed xNeed xNeed xNeed xNeed xNeed xNeed xNeed xNeed xNeed xNeed xNeed xNeed xNeed xNeed xNeed xNeed xNeed x</s><pad><pad><pad><pad><pad><pad><pad><pad><pad><pad><pad><pad><pad>	0.0	0.0	xNeed	xNeed prefix: xNeed input_text: PersonX makes a reservation</s>	to go online</s>
60	[1 1 1 1 1 1 1 1 1 1 1 1 1 1 1 1 1 1 1 1 1 1 1]	{}	"[    3   226   567  6958   554 12304    10     3   226   567  6958  3785
   834  6327    10  5780     4   885     7   300  5780   476     1]"	[ 12 539   1]	xNeed	<pad> True</s><pad><pad><pad><pad><pad><pad><pad><pad><pad><pad><pad><pad><pad><pad><pad><pad><pad><pad><pad><pad><pad><pad><pad><pad><pad><pad><pad><pad><pad><pad><pad><pad><pad><pad><pad><pad><pad><pad><pad><pad><pad><pad><pad><pad><pad><pad><pad><pad><pad><pad><pad><pad><pad><pad><pad><pad><pad><pad><pad><pad><pad><pad><pad><pad><pad><pad><pad><pad><pad><pad><pad><pad><pad><pad><pad><pad><pad><pad><pad><pad><pad><pad><pad><pad><pad><pad><pad><pad><pad><pad><pad><pad><pad><pad><pad><pad><pad><pad><pad><pad><pad><pad><pad><pad><pad><pad><pad><pad><pad><pad><pad><pad><pad><pad><pad><pad><pad><pad><pad><pad><pad><pad><pad><pad><pad>	0.0	0.0	xNeed	xNeed prefix: xNeed input_text: PersonX closes around PersonY</s>	to open</s>
61	[1 1 1 1 1 1 1 1 1 1 1 1 1 1 1 1 1 1 1 1 1 1 1 1 1]	{}	"[    3   226   567  6958   554 12304    10     3   226   567  6958  3785
   834  6327    10  5780     4   817     7  5780   476    31     7  7370
     1]"	[253   8 568  12 817   5   1]	xNeed	<pad> False</s><pad><pad><pad><pad><pad><pad><pad><pad><pad><pad><pad><pad><pad><pad><pad><pad><pad><pad><pad><pad><pad><pad><pad><pad><pad><pad><pad><pad><pad><pad><pad><pad><pad><pad><pad><pad><pad><pad><pad><pad><pad><pad><pad><pad><pad><pad><pad><pad><pad><pad><pad><pad><pad><pad><pad><pad><pad><pad><pad><pad><pad><pad><pad><pad><pad><pad><pad><pad><pad><pad><pad><pad><pad><pad><pad><pad><pad><pad><pad><pad><pad><pad><pad><pad><pad><pad><pad><pad><pad><pad><pad><pad><pad><pad><pad><pad><pad><pad><pad><pad><pad><pad><pad><pad><pad><pad><pad><pad><pad><pad><pad><pad><pad><pad><pad><pad><pad><pad><pad><pad><pad><pad><pad>	0.0	0.0	xNeed	xNeed prefix: xNeed input_text: PersonX tells PersonY's dad</s>	find the person to tell.</s>
62	[1 1 1 1 1 1 1 1 1 1 1 1 1 1 1 1 1 1 1 1 1 1 1]	{}	"[    3   226   567  6958   554 12304    10     3   226   567  6958  3785
   834  6327    10  5780     4   217     7  5780   476  4806     1]"	[  12   36    3  179   12 4206 5780  476   31    7 4806    1]	xNeed	<pad> True</s><pad><pad><pad><pad><pad><pad><pad><pad><pad><pad><pad><pad><pad><pad><pad><pad><pad><pad><pad><pad><pad><pad><pad><pad><pad><pad><pad><pad><pad><pad><pad><pad><pad><pad><pad><pad><pad><pad><pad><pad><pad><pad><pad><pad><pad><pad><pad><pad><pad><pad><pad><pad><pad><pad><pad><pad><pad><pad><pad><pad><pad><pad><pad><pad><pad><pad><pad><pad><pad><pad><pad><pad><pad><pad><pad><pad><pad><pad><pad><pad><pad><pad><pad><pad><pad><pad><pad><pad><pad><pad><pad><pad><pad><pad><pad><pad><pad><pad><pad><pad><pad><pad><pad><pad><pad><pad><pad><pad><pad><pad><pad><pad><pad><pad><pad><pad><pad><pad><pad><pad><pad><pad><pad><pad><pad>	0.0	0.0	xNeed	xNeed prefix: xNeed input_text: PersonX sees PersonY sister</s>	to be able to recognize PersonY's sister</s>
63	[1 1 1 1 1 1 1 1 1 1 1 1 1 1 1 1 1 1 1 1 1 1 1 1 1 1 1 1]	{}	"[    3   226   567  6958   554 12304    10     3   226   567  6958  3785
   834  6327    10  5780     4   656     3   834   834   834    30     3
    51  2905   157     1]"	[  12  743    3    9  454 3177    1]	xNeed	<pad> xNeed prefix: xNeed xNeed xNeed xNeed xNeed xNeed xNeed xNeed xNeed xNeed xNeed xNeed xNeed xNeed xNeed xNeed xNeed xNeed xNeed xNeed xNeed xNeed xNeed xNeed xNeed xNeed x</s><pad><pad><pad><pad><pad><pad><pad><pad><pad><pad><pad><pad><pad>	0.0	0.0	xNeed	xNeed prefix: xNeed input_text: PersonX makes ___ on mturk</s>	to complete a HIT</s>
64	[1 1 1 1 1 1 1 1 1 1 1 1 1 1 1 1 1 1 1 1 1 1 1 1 1]	{}	"[    3   226   567  6958   554 12304    10     3   226   567  6958  3785
   834  6327    10  5780     4  1550     3   834   834   834    28   803
     1]"	[ 12 143   3   9 515  12 942  70 803   1]	xNeed	<pad> xNeed prefix: xNeed xNeed xNeed xNeed xNeed xNeed xNeed xNeed xNeed xNeed xNeed xNeed xNeed xNeed xNeed xNeed xNeed xNeed xNeed xNeed xNeed xNeed xNeed xNeed xNeed xNeed x</s><pad><pad><pad><pad><pad><pad><pad><pad><pad><pad><pad><pad><pad>	0.0	0.0	xNeed	xNeed prefix: xNeed input_text: PersonX goes ___ with friends</s>	to make a plan to meet their friends</s>
65	[1 1 1 1 1 1 1 1 1 1 1 1 1 1 1 1 1 1 1 1 1 1 1 1]	{}	"[    3   226   567  6958   554 12304    10     3   226   567  6958  3785
   834  6327    10  5780     4  5022     3  1436  1496    15   542     1]"	[  12  580   95    8 2062    1]	xNeed	<pad> xNeed prefix: xNeed xNeed xNeed xNeed xNeed xNeed xNeed xNeed xNeed xNeed xNeed xNeed xNeed xNeed xNeed xNeed xNeed xNeed xNeed xNeed xNeed xNeed xNeed xNeed xNeed xNeed x</s><pad><pad><pad><pad><pad><pad><pad><pad><pad><pad><pad><pad><pad>	0.0	0.0	xNeed	xNeed prefix: xNeed input_text: PersonX orders chinese food</s>	to call up the restaurant</s>
66	[1 1 1 1 1 1 1 1 1 1 1 1 1 1 1 1 1 1 1 1 1]	{}	"[    3   226   567  6958   554 12304    10     3   226   567  6958  3785
   834  6327    10  5780     4  3369     8  1726     1]"	[ 12  43 605 758 349   1]	xNeed	<pad> xNeed prefix: xNeed xNeed xNeed xNeed xNeed xNeed xNeed xNeed xNeed xNeed xNeed xNeed xNeed xNeed xNeed xNeed xNeed xNeed xNeed xNeed xNeed xNeed xNeed xNeed xNeed xNeed x</s><pad><pad><pad><pad><pad><pad><pad><pad><pad><pad><pad><pad><pad>	0.0	0.0	xNeed	xNeed prefix: xNeed input_text: PersonX sets the stage</s>	to have event management company</s>
67	[1 1 1 1 1 1 1 1 1 1 1 1 1 1 1 1 1 1 1 1 1 1]	{}	"[    3   226   567  6958   554 12304    10     3   226   567  6958  3785
   834  6327    10  5780     4  1550     3     9   471     1]"	[  580     3     9 10891     1]	xNeed	<pad> xNeed prefix: xNeed xNeed xNeed xNeed xNeed xNeed xNeed xNeed xNeed xNeed xNeed xNeed xNeed xNeed xNeed xNeed xNeed xNeed xNeed xNeed xNeed xNeed xNeed xNeed xNeed xNeed x</s><pad><pad><pad><pad><pad><pad><pad><pad><pad><pad><pad><pad><pad>	0.0	0.0	xNeed	xNeed prefix: xNeed input_text: PersonX goes a week</s>	call acab</s>
68	[1 1 1 1 1 1 1 1 1 1 1 1 1 1 1 1 1 1 1 1]	{}	"[    3   226   567  6958   554 12304    10     3   226   567  6958  3785
   834  6327    10  5780     4 16732   234     1]"	[ 12 281  12  70 629   1]	xNeed	<pad> xNeed prefix: xNeed xNeed xNeed xNeed xNeed xNeed xNeed xNeed xNeed xNeed xNeed xNeed xNeed xNeed xNeed xNeed xNeed xNeed xNeed xNeed xNeed xNeed xNeed xNeed xNeed xNeed x</s><pad><pad><pad><pad><pad><pad><pad><pad><pad><pad><pad><pad><pad>	0.0	0.0	xNeed	xNeed prefix: xNeed input_text: PersonX arrives home</s>	to go to their house</s>
69	[1 1 1 1 1 1 1 1 1 1 1 1 1 1 1 1 1 1 1 1]	{}	"[    3   226   567  6958   554 12304    10     3   226   567  6958  3785
   834  6327    10  5780     4 16567  9600     1]"	[1262   12    8 1996 2447    1]	xNeed	<pad> xNeed prefix: xNeed xNeed prefix: xNeed xNeed xNeed xNeed xNeed xNeed xNeed xNeed xNeed xNeed xNeed xNeed xNeed xNeed xNeed xNeed xNeed xNeed xNeed xNeed xNeed xNeed xNeed xN</s><pad><pad><pad><pad><pad><pad><pad><pad><pad><pad><pad><pad><pad>	0.0	0.0	xNeed	xNeed prefix: xNeed input_text: PersonX watches baseball</s>	drive to the ball park</s>
70	[1 1 1 1 1 1 1 1 1 1 1 1 1 1 1 1 1 1 1 1 1]	{}	"[    3   226   567  6958   554 12304    10     3   226   567  6958  3785
   834  6327    10  5780     4    19   838  6276     1]"	[5839    1]	xNeed	<pad> xNeed prefix: xNeed xNeed xNeed xNeed xNeed xNeed xNeed xNeed xNeed xNeed xNeed xNeed xNeed xNeed xNeed xNeed xNeed xNeed xNeed xNeed xNeed xNeed xNeed xNeed xNeed xNeed x</s><pad><pad><pad><pad><pad><pad><pad><pad><pad><pad><pad><pad><pad>	0.0	0.0	xNeed	xNeed prefix: xNeed input_text: PersonX is taking forever</s>	none</s>
71	[1 1 1 1 1 1 1 1 1 1 1 1 1 1 1 1 1 1 1 1 1 1 1]	{}	"[    3   226   567  6958   554 12304    10     3   226   567  6958  3785
   834  6327    10  5780     4   317     7    81  5780   476     1]"	[5839    1]	xNeed	<pad> True</s><pad><pad><pad><pad><pad><pad><pad><pad><pad><pad><pad><pad><pad><pad><pad><pad><pad><pad><pad><pad><pad><pad><pad><pad><pad><pad><pad><pad><pad><pad><pad><pad><pad><pad><pad><pad><pad><pad><pad><pad><pad><pad><pad><pad><pad><pad><pad><pad><pad><pad><pad><pad><pad><pad><pad><pad><pad><pad><pad><pad><pad><pad><pad><pad><pad><pad><pad><pad><pad><pad><pad><pad><pad><pad><pad><pad><pad><pad><pad><pad><pad><pad><pad><pad><pad><pad><pad><pad><pad><pad><pad><pad><pad><pad><pad><pad><pad><pad><pad><pad><pad><pad><pad><pad><pad><pad><pad><pad><pad><pad><pad><pad><pad><pad><pad><pad><pad><pad><pad><pad><pad><pad><pad><pad><pad>	0.0	0.0	xNeed	xNeed prefix: xNeed input_text: PersonX thinks about PersonY</s>	none</s>
72	[1 1 1 1 1 1 1 1 1 1 1 1 1 1 1 1 1 1 1 1 1]	{}	"[    3   226   567  6958   554 12304    10     3   226   567  6958  3785
   834  6327    10  5780     4  2670     7  6522     1]"	[ 253  841   12 1350   12    1]	xNeed	<pad> True</s><pad><pad><pad><pad><pad><pad><pad><pad><pad><pad><pad><pad><pad><pad><pad><pad><pad><pad><pad><pad><pad><pad><pad><pad><pad><pad><pad><pad><pad><pad><pad><pad><pad><pad><pad><pad><pad><pad><pad><pad><pad><pad><pad><pad><pad><pad><pad><pad><pad><pad><pad><pad><pad><pad><pad><pad><pad><pad><pad><pad><pad><pad><pad><pad><pad><pad><pad><pad><pad><pad><pad><pad><pad><pad><pad><pad><pad><pad><pad><pad><pad><pad><pad><pad><pad><pad><pad><pad><pad><pad><pad><pad><pad><pad><pad><pad><pad><pad><pad><pad><pad><pad><pad><pad><pad><pad><pad><pad><pad><pad><pad><pad><pad><pad><pad><pad><pad><pad><pad><pad><pad><pad><pad><pad><pad>	0.0	0.0	xNeed	xNeed prefix: xNeed input_text: PersonX wastes breath</s>	find someone to talk to</s>
73	[1 1 1 1 1 1 1 1 1 1 1 1 1 1 1 1 1 1 1 1 1 1 1]	{}	"[    3   226   567  6958   554 12304    10     3   226   567  6958  3785
   834  6327    10  5780     4  2112     7     3     9  8094     1]"	[  12   43    3    9 8094    1]	xNeed	<pad> True</s><pad><pad><pad><pad><pad><pad><pad><pad><pad><pad><pad><pad><pad><pad><pad><pad><pad><pad><pad><pad><pad><pad><pad><pad><pad><pad><pad><pad><pad><pad><pad><pad><pad><pad><pad><pad><pad><pad><pad><pad><pad><pad><pad><pad><pad><pad><pad><pad><pad><pad><pad><pad><pad><pad><pad><pad><pad><pad><pad><pad><pad><pad><pad><pad><pad><pad><pad><pad><pad><pad><pad><pad><pad><pad><pad><pad><pad><pad><pad><pad><pad><pad><pad><pad><pad><pad><pad><pad><pad><pad><pad><pad><pad><pad><pad><pad><pad><pad><pad><pad><pad><pad><pad><pad><pad><pad><pad><pad><pad><pad><pad><pad><pad><pad><pad><pad><pad><pad><pad><pad><pad><pad><pad><pad><pad>	0.0	0.0	xNeed	xNeed prefix: xNeed input_text: PersonX wears a jacket</s>	to have a jacket</s>
74	[1 1 1 1 1 1 1 1 1 1 1 1 1 1 1 1 1 1 1 1 1 1 1 1 1]	{}	"[    3   226   567  6958   554 12304    10     3   226   567  6958  3785
   834  6327    10  5780     4    14     7  5780     4    31     7   809
     1]"	[5839    1]	xNeed	<pad> False</s><pad><pad><pad><pad><pad><pad><pad><pad><pad><pad><pad><pad><pad><pad><pad><pad><pad><pad><pad><pad><pad><pad><pad><pad><pad><pad><pad><pad><pad><pad><pad><pad><pad><pad><pad><pad><pad><pad><pad><pad><pad><pad><pad><pad><pad><pad><pad><pad><pad><pad><pad><pad><pad><pad><pad><pad><pad><pad><pad><pad><pad><pad><pad><pad><pad><pad><pad><pad><pad><pad><pad><pad><pad><pad><pad><pad><pad><pad><pad><pad><pad><pad><pad><pad><pad><pad><pad><pad><pad><pad><pad><pad><pad><pad><pad><pad><pad><pad><pad><pad><pad><pad><pad><pad><pad><pad><pad><pad><pad><pad><pad><pad><pad><pad><pad><pad><pad><pad><pad><pad><pad><pad><pad>	0.0	0.0	xNeed	xNeed prefix: xNeed input_text: PersonX fills PersonX's mind</s>	none</s>
75	[1 1 1 1 1 1 1 1 1 1 1 1 1 1 1 1 1 1 1 1 1 1 1 1 1 1 1 1 1]	{}	"[    3   226   567  6958   554 12304    10     3   226   567  6958  3785
   834  6327    10  5780     4  4532     3   834   834   834    16  5780
   476    31     7   609     1]"	[  12 1432   95    8 3735    1]	xNeed	<pad> False</s><pad><pad><pad><pad><pad><pad><pad><pad><pad><pad><pad><pad><pad><pad><pad><pad><pad><pad><pad><pad><pad><pad><pad><pad><pad><pad><pad><pad><pad><pad><pad><pad><pad><pad><pad><pad><pad><pad><pad><pad><pad><pad><pad><pad><pad><pad><pad><pad><pad><pad><pad><pad><pad><pad><pad><pad><pad><pad><pad><pad><pad><pad><pad><pad><pad><pad><pad><pad><pad><pad><pad><pad><pad><pad><pad><pad><pad><pad><pad><pad><pad><pad><pad><pad><pad><pad><pad><pad><pad><pad><pad><pad><pad><pad><pad><pad><pad><pad><pad><pad><pad><pad><pad><pad><pad><pad><pad><pad><pad><pad><pad><pad><pad><pad><pad><pad><pad><pad><pad><pad><pad><pad><pad>	0.0	0.0	xNeed	xNeed prefix: xNeed input_text: PersonX holds ___ in PersonY's hand</s>	to pick up the object</s>
76	[1 1 1 1 1 1 1 1 1 1 1 1 1 1 1 1 1 1 1 1 1 1 1 1]	{}	"[    3   226   567  6958   554 12304    10     3   226   567  6958  3785
   834  6327    10  5780     4  8620  5780     4    31     7  2418     1]"	[  12  103  424   12 1340   70 2418    1]	xNeed	<pad> False</s><pad><pad><pad><pad><pad><pad><pad><pad><pad><pad><pad><pad><pad><pad><pad><pad><pad><pad><pad><pad><pad><pad><pad><pad><pad><pad><pad><pad><pad><pad><pad><pad><pad><pad><pad><pad><pad><pad><pad><pad><pad><pad><pad><pad><pad><pad><pad><pad><pad><pad><pad><pad><pad><pad><pad><pad><pad><pad><pad><pad><pad><pad><pad><pad><pad><pad><pad><pad><pad><pad><pad><pad><pad><pad><pad><pad><pad><pad><pad><pad><pad><pad><pad><pad><pad><pad><pad><pad><pad><pad><pad><pad><pad><pad><pad><pad><pad><pad><pad><pad><pad><pad><pad><pad><pad><pad><pad><pad><pad><pad><pad><pad><pad><pad><pad><pad><pad><pad><pad><pad><pad><pad><pad>	0.0	0.0	xNeed	xNeed prefix: xNeed input_text: PersonX cuts PersonX's foot</s>	to do something to cut their foot</s>
77	[1 1 1 1 1 1 1 1 1 1 1 1 1 1 1 1 1 1 1 1 1 1 1 1 1 1 1 1]	{}	"[    3   226   567  6958   554 12304    10     3   226   567  6958  3785
   834  6327    10  5780     4  2519     7   887     3    31     7     3
   834   834   834     1]"	[ 12 214 149  12 199   1]	xNeed	<pad> True</s><pad><pad><pad><pad><pad><pad><pad><pad><pad><pad><pad><pad><pad><pad><pad><pad><pad><pad><pad><pad><pad><pad><pad><pad><pad><pad><pad><pad><pad><pad><pad><pad><pad><pad><pad><pad><pad><pad><pad><pad><pad><pad><pad><pad><pad><pad><pad><pad><pad><pad><pad><pad><pad><pad><pad><pad><pad><pad><pad><pad><pad><pad><pad><pad><pad><pad><pad><pad><pad><pad><pad><pad><pad><pad><pad><pad><pad><pad><pad><pad><pad><pad><pad><pad><pad><pad><pad><pad><pad><pad><pad><pad><pad><pad><pad><pad><pad><pad><pad><pad><pad><pad><pad><pad><pad><pad><pad><pad><pad><pad><pad><pad><pad><pad><pad><pad><pad><pad><pad><pad><pad><pad><pad><pad><pad>	0.0	0.0	xNeed	xNeed prefix: xNeed input_text: PersonX promotes women's ___</s>	to know how to help</s>
78	[1 1 1 1 1 1 1 1 1 1 1 1 1 1 1 1 1 1 1 1]	{}	"[    3   226   567  6958   554 12304    10     3   226   567  6958  3785
   834  6327    10  5780     4   373  1513     1]"	[5839    1]	xNeed	<pad> xNeed prefix: xNeed xNeed xNeed xNeed xNeed xNeed xNeed xNeed xNeed xNeed xNeed xNeed xNeed xNeed xNeed xNeed xNeed xNeed xNeed xNeed xNeed xNeed xNeed xNeed xNeed xNeed x</s><pad><pad><pad><pad><pad><pad><pad><pad><pad><pad><pad><pad><pad>	0.0	0.0	xNeed	xNeed prefix: xNeed input_text: PersonX always lost</s>	none</s>
79	[1 1 1 1 1 1 1 1 1 1 1 1 1 1 1 1 1 1 1 1 1]	{}	"[    3   226   567  6958   554 12304    10     3   226   567  6958  3785
   834  6327    10  5780     4  1550  2288  9559     1]"	[5839    1]	xNeed	<pad> xNeed prefix: xNeed xNeed xNeed xNeed xNeed xNeed xNeed xNeed xNeed xNeed xNeed xNeed xNeed xNeed xNeed xNeed xNeed xNeed xNeed xNeed xNeed xNeed xNeed xNeed xNeed xNeed x</s><pad><pad><pad><pad><pad><pad><pad><pad><pad><pad><pad><pad><pad>	0.0	0.0	xNeed	xNeed prefix: xNeed input_text: PersonX goes moggy</s>	none</s>
80	[1 1 1 1 1 1 1 1 1 1 1 1 1 1 1 1 1 1 1 1]	{}	"[    3   226   567  6958   554 12304    10     3   226   567  6958  3785
   834  6327    10  5780     4  9797  6044     1]"	[   12    36     3 24092     1]	xNeed	<pad> xNeed prefix: xNeed xNeed xNeed xNeed xNeed xNeed xNeed xNeed xNeed xNeed xNeed xNeed xNeed xNeed xNeed xNeed xNeed xNeed xNeed xNeed xNeed xNeed xNeed xNeed xNeed xNeed x</s><pad><pad><pad><pad><pad><pad><pad><pad><pad><pad><pad><pad><pad>	0.0	0.0	xNeed	xNeed prefix: xNeed input_text: PersonX breaks loose</s>	to be confined</s>
81	[1 1 1 1 1 1 1 1 1 1 1 1 1 1 1 1 1 1 1 1]	{}	"[    3   226   567  6958   554 12304    10     3   226   567  6958  3785
   834  6327    10  5780     4  4054   959     1]"	[  669   149    12    36   168 13108     1]	xNeed	<pad> xNeed prefix: xNeed xNeed xNeed xNeed xNeed xNeed xNeed xNeed xNeed xNeed xNeed xNeed xNeed xNeed xNeed xNeed xNeed xNeed xNeed xNeed xNeed xNeed xNeed xNeed xNeed xNeed x</s><pad><pad><pad><pad><pad><pad><pad><pad><pad><pad><pad><pad><pad>	0.0	0.0	xNeed	xNeed prefix: xNeed input_text: PersonX knows anything</s>	learn how to be well adjusted</s>
82	[1 1 1 1 1 1 1 1 1 1 1 1 1 1 1 1 1 1 1 1 1 1]	{}	"[    3   226   567  6958   554 12304    10     3   226   567  6958  3785
   834  6327    10  5780     4 18682     7    12    36     1]"	[ 129    3    9 1687  120 7095    1]	xNeed	<pad> False</s><pad><pad><pad><pad><pad><pad><pad><pad><pad><pad><pad><pad><pad><pad><pad><pad><pad><pad><pad><pad><pad><pad><pad><pad><pad><pad><pad><pad><pad><pad><pad><pad><pad><pad><pad><pad><pad><pad><pad><pad><pad><pad><pad><pad><pad><pad><pad><pad><pad><pad><pad><pad><pad><pad><pad><pad><pad><pad><pad><pad><pad><pad><pad><pad><pad><pad><pad><pad><pad><pad><pad><pad><pad><pad><pad><pad><pad><pad><pad><pad><pad><pad><pad><pad><pad><pad><pad><pad><pad><pad><pad><pad><pad><pad><pad><pad><pad><pad><pad><pad><pad><pad><pad><pad><pad><pad><pad><pad><pad><pad><pad><pad><pad><pad><pad><pad><pad><pad><pad><pad><pad><pad><pad>	0.0	0.0	xNeed	xNeed prefix: xNeed input_text: PersonX ceases to be</s>	get a deathly illness</s>
83	[1 1 1 1 1 1 1 1 1 1 1 1 1 1 1 1 1 1 1 1 1 1 1 1 1 1]	{}	"[    3   226   567  6958   554 12304    10     3   226   567  6958  3785
   834  6327    10  5780     4  1550     3   834   834   834    28   128
   803     1]"	[ 304 1796 1390    1]	xNeed	<pad> xNeed prefix: xNeed xNeed prefix: xNeed xNeed xNeed xNeed xNeed xNeed xNeed xNeed xNeed xNeed xNeed xNeed xNeed xNeed xNeed xNeed xNeed xNeed xNeed xNeed xNeed xNeed xNeed xN</s><pad><pad><pad><pad><pad><pad><pad><pad><pad><pad><pad><pad><pad>	0.0	0.0	xNeed	xNeed prefix: xNeed input_text: PersonX goes ___ with some friends</s>	To Make plans</s>
84	[1 1 1 1 1 1 1 1 1 1 1 1 1 1 1 1 1 1 1 1 1]	{}	"[    3   226   567  6958   554 12304    10     3   226   567  6958  3785
   834  6327    10  5780     4  1550   542  2309     1]"	[   12   129    70 11725     1]	xNeed	<pad> xNeed prefix: xNeed xNeed xNeed xNeed xNeed xNeed xNeed xNeed xNeed xNeed xNeed xNeed xNeed xNeed xNeed xNeed xNeed xNeed xNeed xNeed xNeed xNeed xNeed xNeed xNeed xNeed x</s><pad><pad><pad><pad><pad><pad><pad><pad><pad><pad><pad><pad><pad>	0.0	0.0	xNeed	xNeed prefix: xNeed input_text: PersonX goes food shopping</s>	to get their wallet</s>
85	[1 1 1 1 1 1 1 1 1 1 1 1 1 1 1 1 1 1 1 1 1 1 1 1 1]	{}	"[    3   226   567  6958   554 12304    10     3   226   567  6958  3785
   834  6327    10  5780     4     3  1544     7   128     3   867  3022
     1]"	[  12  129    3    9 3047    1]	xNeed	<pad> True</s><pad><pad><pad><pad><pad><pad><pad><pad><pad><pad><pad><pad><pad><pad><pad><pad><pad><pad><pad><pad><pad><pad><pad><pad><pad><pad><pad><pad><pad><pad><pad><pad><pad><pad><pad><pad><pad><pad><pad><pad><pad><pad><pad><pad><pad><pad><pad><pad><pad><pad><pad><pad><pad><pad><pad><pad><pad><pad><pad><pad><pad><pad><pad><pad><pad><pad><pad><pad><pad><pad><pad><pad><pad><pad><pad><pad><pad><pad><pad><pad><pad><pad><pad><pad><pad><pad><pad><pad><pad><pad><pad><pad><pad><pad><pad><pad><pad><pad><pad><pad><pad><pad><pad><pad><pad><pad><pad><pad><pad><pad><pad><pad><pad><pad><pad><pad><pad><pad><pad><pad><pad><pad><pad><pad><pad>	0.0	0.0	xNeed	xNeed prefix: xNeed input_text: PersonX eats some ice cream</s>	to get a bowl</s>
86	[1 1 1 1 1 1 1 1 1 1 1 1 1 1 1 1 1 1 1 1 1 1 1 1 1 1]	{}	"[    3   226   567  6958   554 12304    10     3   226   567  6958  3785
   834  6327    10  5780     4   734     7    48     3   834   834   834
   394     1]"	[ 12  43 800  81  34   1]	xNeed	<pad> True</s><pad><pad><pad><pad><pad><pad><pad><pad><pad><pad><pad><pad><pad><pad><pad><pad><pad><pad><pad><pad><pad><pad><pad><pad><pad><pad><pad><pad><pad><pad><pad><pad><pad><pad><pad><pad><pad><pad><pad><pad><pad><pad><pad><pad><pad><pad><pad><pad><pad><pad><pad><pad><pad><pad><pad><pad><pad><pad><pad><pad><pad><pad><pad><pad><pad><pad><pad><pad><pad><pad><pad><pad><pad><pad><pad><pad><pad><pad><pad><pad><pad><pad><pad><pad><pad><pad><pad><pad><pad><pad><pad><pad><pad><pad><pad><pad><pad><pad><pad><pad><pad><pad><pad><pad><pad><pad><pad><pad><pad><pad><pad><pad><pad><pad><pad><pad><pad><pad><pad><pad><pad><pad><pad><pad><pad>	0.0	0.0	xNeed	xNeed prefix: xNeed input_text: PersonX understands this ___ better</s>	to have idea about it</s>
87	[1 1 1 1 1 1 1 1 1 1 1 1 1 1 1 1 1 1 1 1 1 1]	{}	"[    3   226   567  6958   554 12304    10     3   226   567  6958  3785
   834  6327    10  5780     4 22163     7    80  7703     1]"	[  12  253   91  125   79  410 1786    1]	xNeed	<pad> True</s><pad><pad><pad><pad><pad><pad><pad><pad><pad><pad><pad><pad><pad><pad><pad><pad><pad><pad><pad><pad><pad><pad><pad><pad><pad><pad><pad><pad><pad><pad><pad><pad><pad><pad><pad><pad><pad><pad><pad><pad><pad><pad><pad><pad><pad><pad><pad><pad><pad><pad><pad><pad><pad><pad><pad><pad><pad><pad><pad><pad><pad><pad><pad><pad><pad><pad><pad><pad><pad><pad><pad><pad><pad><pad><pad><pad><pad><pad><pad><pad><pad><pad><pad><pad><pad><pad><pad><pad><pad><pad><pad><pad><pad><pad><pad><pad><pad><pad><pad><pad><pad><pad><pad><pad><pad><pad><pad><pad><pad><pad><pad><pad><pad><pad><pad><pad><pad><pad><pad><pad><pad><pad><pad><pad><pad>	0.0	0.0	xNeed	xNeed prefix: xNeed input_text: PersonX redeems oneself</s>	to find out what they did wrong</s>
88	[1 1 1 1 1 1 1 1 1 1 1 1 1 1 1 1 1 1 1 1 1 1 1 1 1 1]	{}	"[    3   226   567  6958   554 12304    10     3   226   567  6958  3785
   834  6327    10  5780     4    54     3    29    31    17   253    34
  3461     1]"	[  12   13 1513   34    1]	xNeed	<pad> xNeed prefix: xNeed xNeed xNeed xNeed xNeed xNeed xNeed xNeed xNeed xNeed xNeed xNeed xNeed xNeed xNeed xNeed xNeed xNeed xNeed xNeed xNeed xNeed xNeed xNeed xNeed xNeed x</s><pad><pad><pad><pad><pad><pad><pad><pad><pad><pad><pad><pad><pad>	0.0	0.0	xNeed	xNeed prefix: xNeed input_text: PersonX cann't find it anywhere</s>	to of lost it</s>
89	[1 1 1 1 1 1 1 1 1 1 1 1 1 1 1 1 1 1 1 1 1 1 1 1]	{}	"[    3   226   567  6958   554 12304    10     3   226   567  6958  3785
   834  6327    10  5780     4 11858  5780     4    31     7  3714     1]"	[1431   34   91    1]	xNeed	<pad> True</s><pad><pad><pad><pad><pad><pad><pad><pad><pad><pad><pad><pad><pad><pad><pad><pad><pad><pad><pad><pad><pad><pad><pad><pad><pad><pad><pad><pad><pad><pad><pad><pad><pad><pad><pad><pad><pad><pad><pad><pad><pad><pad><pad><pad><pad><pad><pad><pad><pad><pad><pad><pad><pad><pad><pad><pad><pad><pad><pad><pad><pad><pad><pad><pad><pad><pad><pad><pad><pad><pad><pad><pad><pad><pad><pad><pad><pad><pad><pad><pad><pad><pad><pad><pad><pad><pad><pad><pad><pad><pad><pad><pad><pad><pad><pad><pad><pad><pad><pad><pad><pad><pad><pad><pad><pad><pad><pad><pad><pad><pad><pad><pad><pad><pad><pad><pad><pad><pad><pad><pad><pad><pad><pad><pad><pad>	0.0	0.0	xNeed	xNeed prefix: xNeed input_text: PersonX writes PersonX's novel</s>	write it out</s>
90	[1 1 1 1 1 1 1 1 1 1 1 1 1 1 1 1 1 1 1 1 1 1 1 1 1]	{}	"[    3   226   567  6958   554 12304    10     3   226   567  6958  3785
   834  6327    10  5780     4  3231     3   834   834   834    21   207
     1]"	[1733   95   28 5780  476    1]	xNeed	<pad> xNeed prefix: xNeed xNeed xNeed xNeed xNeed xNeed xNeed xNeed xNeed xNeed xNeed xNeed xNeed xNeed xNeed xNeed xNeed xNeed xNeed xNeed xNeed xNeed xNeed xNeed xNeed xNeed x</s><pad><pad><pad><pad><pad><pad><pad><pad><pad><pad><pad><pad><pad>	0.0	0.0	xNeed	xNeed prefix: xNeed input_text: PersonX leaves ___ for good</s>	break up with PersonY</s>
91	[1 1 1 1 1 1 1 1 1 1 1 1 1 1 1 1 1 1 1 1 1 1 1]	{}	"[    3   226   567  6958   554 12304    10     3   226   567  6958  3785
   834  6327    10  5780     4    19  3214   234    45   161     1]"	[ 129 8152    1]	xNeed	<pad> xNeed prefix: xNeed xNeed xNeed xNeed xNeed xNeed xNeed xNeed xNeed xNeed xNeed xNeed xNeed xNeed xNeed xNeed xNeed xNeed xNeed xNeed xNeed xNeed xNeed xNeed xNeed xNeed x</s><pad><pad><pad><pad><pad><pad><pad><pad><pad><pad><pad><pad><pad>	0.0	0.0	xNeed	xNeed prefix: xNeed input_text: PersonX is walking home from work</s>	get employed</s>
92	[1 1 1 1 1 1 1 1 1 1 1 1 1 1 1 1 1 1 1 1 1 1 1 1 1 1]	{}	"[    3   226   567  6958   554 12304    10     3   226   567  6958  3785
   834  6327    10  5780     4  1709     7     3   834   834   834    45
 16198     1]"	[  12   36    3    9 2472    1]	xNeed	<pad> True</s><pad><pad><pad><pad><pad><pad><pad><pad><pad><pad><pad><pad><pad><pad><pad><pad><pad><pad><pad><pad><pad><pad><pad><pad><pad><pad><pad><pad><pad><pad><pad><pad><pad><pad><pad><pad><pad><pad><pad><pad><pad><pad><pad><pad><pad><pad><pad><pad><pad><pad><pad><pad><pad><pad><pad><pad><pad><pad><pad><pad><pad><pad><pad><pad><pad><pad><pad><pad><pad><pad><pad><pad><pad><pad><pad><pad><pad><pad><pad><pad><pad><pad><pad><pad><pad><pad><pad><pad><pad><pad><pad><pad><pad><pad><pad><pad><pad><pad><pad><pad><pad><pad><pad><pad><pad><pad><pad><pad><pad><pad><pad><pad><pad><pad><pad><pad><pad><pad><pad><pad><pad><pad><pad><pad><pad>	0.0	0.0	xNeed	xNeed prefix: xNeed input_text: PersonX prevents ___ from occurring</s>	to be a doctor</s>
93	[1 1 1 1 1 1 1 1 1 1 1 1 1 1 1 1 1 1 1 1 1 1]	{}	"[    3   226   567  6958   554 12304    10     3   226   567  6958  3785
   834  6327    10  5780     4  1492     7     8  1851     1]"	[ 12  43 239 326  45 161   1]	xNeed	<pad> True</s><pad><pad><pad><pad><pad><pad><pad><pad><pad><pad><pad><pad><pad><pad><pad><pad><pad><pad><pad><pad><pad><pad><pad><pad><pad><pad><pad><pad><pad><pad><pad><pad><pad><pad><pad><pad><pad><pad><pad><pad><pad><pad><pad><pad><pad><pad><pad><pad><pad><pad><pad><pad><pad><pad><pad><pad><pad><pad><pad><pad><pad><pad><pad><pad><pad><pad><pad><pad><pad><pad><pad><pad><pad><pad><pad><pad><pad><pad><pad><pad><pad><pad><pad><pad><pad><pad><pad><pad><pad><pad><pad><pad><pad><pad><pad><pad><pad><pad><pad><pad><pad><pad><pad><pad><pad><pad><pad><pad><pad><pad><pad><pad><pad><pad><pad><pad><pad><pad><pad><pad><pad><pad><pad><pad><pad>	0.0	0.0	xNeed	xNeed prefix: xNeed input_text: PersonX spends the weekend</s>	to have day off from work</s>
94	[1 1 1 1 1 1 1 1 1 1 1 1 1 1 1 1 1 1 1 1 1 1 1 1 1 1]	{}	"[    3   226   567  6958   554 12304    10     3   226   567  6958  3785
   834  6327    10  5780     4     3 12763   139  5780   476    31     7
  6743     1]"	[  12 1535  323    1]	xNeed	<pad> False</s><pad><pad><pad><pad><pad><pad><pad><pad><pad><pad><pad><pad><pad><pad><pad><pad><pad><pad><pad><pad><pad><pad><pad><pad><pad><pad><pad><pad><pad><pad><pad><pad><pad><pad><pad><pad><pad><pad><pad><pad><pad><pad><pad><pad><pad><pad><pad><pad><pad><pad><pad><pad><pad><pad><pad><pad><pad><pad><pad><pad><pad><pad><pad><pad><pad><pad><pad><pad><pad><pad><pad><pad><pad><pad><pad><pad><pad><pad><pad><pad><pad><pad><pad><pad><pad><pad><pad><pad><pad><pad><pad><pad><pad><pad><pad><pad><pad><pad><pad><pad><pad><pad><pad><pad><pad><pad><pad><pad><pad><pad><pad><pad><pad><pad><pad><pad><pad><pad><pad><pad><pad><pad><pad>	0.0	0.0	xNeed	xNeed prefix: xNeed input_text: PersonX reaches into PersonY's pocket</s>	to reach down</s>
95	[1 1 1 1 1 1 1 1 1 1 1 1 1 1 1 1 1 1 1 1 1 1 1 1 1]	{}	"[    3   226   567  6958   554 12304    10     3   226   567  6958  3785
   834  6327    10  5780     4  3511  5780     4    31     7   126   613
     1]"	[   3   17  102  129  126 4954    1]	xNeed	<pad> True</s><pad><pad><pad><pad><pad><pad><pad><pad><pad><pad><pad><pad><pad><pad><pad><pad><pad><pad><pad><pad><pad><pad><pad><pad><pad><pad><pad><pad><pad><pad><pad><pad><pad><pad><pad><pad><pad><pad><pad><pad><pad><pad><pad><pad><pad><pad><pad><pad><pad><pad><pad><pad><pad><pad><pad><pad><pad><pad><pad><pad><pad><pad><pad><pad><pad><pad><pad><pad><pad><pad><pad><pad><pad><pad><pad><pad><pad><pad><pad><pad><pad><pad><pad><pad><pad><pad><pad><pad><pad><pad><pad><pad><pad><pad><pad><pad><pad><pad><pad><pad><pad><pad><pad><pad><pad><pad><pad><pad><pad><pad><pad><pad><pad><pad><pad><pad><pad><pad><pad><pad><pad><pad><pad><pad><pad>	0.0	0.0	xNeed	xNeed prefix: xNeed input_text: PersonX starts PersonX's new job</s>	tp get new clothes</s>
96	[1 1 1 1 1 1 1 1 1 1 1 1 1 1 1 1 1 1 1 1]	{}	"[    3   226   567  6958   554 12304    10     3   226   567  6958  3785
   834  6327    10  5780     4  4805  7501     1]"	[13946    79    33  1187     1]	xNeed	<pad> xNeed prefix: xNeed xNeed xNeed xNeed xNeed xNeed xNeed xNeed xNeed xNeed xNeed xNeed xNeed xNeed xNeed xNeed xNeed xNeed xNeed xNeed xNeed xNeed xNeed xNeed xNeed xNeed x</s><pad><pad><pad><pad><pad><pad><pad><pad><pad><pad><pad><pad><pad>	0.0	0.0	xNeed	xNeed prefix: xNeed input_text: PersonX plays harder</s>	Notice they are behind</s>
97	[1 1 1 1 1 1 1 1 1 1 1 1 1 1 1 1 1 1 1 1 1 1]	{}	"[    3   226   567  6958   554 12304    10     3   226   567  6958  3785
   834  6327    10  5780     4   669     7    12 12245     1]"	[ 281   12    8 2608    1]	xNeed	<pad> True</s><pad><pad><pad><pad><pad><pad><pad><pad><pad><pad><pad><pad><pad><pad><pad><pad><pad><pad><pad><pad><pad><pad><pad><pad><pad><pad><pad><pad><pad><pad><pad><pad><pad><pad><pad><pad><pad><pad><pad><pad><pad><pad><pad><pad><pad><pad><pad><pad><pad><pad><pad><pad><pad><pad><pad><pad><pad><pad><pad><pad><pad><pad><pad><pad><pad><pad><pad><pad><pad><pad><pad><pad><pad><pad><pad><pad><pad><pad><pad><pad><pad><pad><pad><pad><pad><pad><pad><pad><pad><pad><pad><pad><pad><pad><pad><pad><pad><pad><pad><pad><pad><pad><pad><pad><pad><pad><pad><pad><pad><pad><pad><pad><pad><pad><pad><pad><pad><pad><pad><pad><pad><pad><pad><pad><pad>	0.0	0.0	xNeed	xNeed prefix: xNeed input_text: PersonX learns to surf</s>	go to the beach</s>
98	[1 1 1 1 1 1 1 1 1 1 1 1 1 1 1 1 1 1 1 1 1 1 1 1 1]	{}	"[    3   226   567  6958   554 12304    10     3   226   567  6958  3785
   834  6327    10  5780     4  8944     7  5780   476    31     7   609
     1]"	[  12 4285 5780    4   31    7  609    1]	xNeed	<pad> False</s><pad><pad><pad><pad><pad><pad><pad><pad><pad><pad><pad><pad><pad><pad><pad><pad><pad><pad><pad><pad><pad><pad><pad><pad><pad><pad><pad><pad><pad><pad><pad><pad><pad><pad><pad><pad><pad><pad><pad><pad><pad><pad><pad><pad><pad><pad><pad><pad><pad><pad><pad><pad><pad><pad><pad><pad><pad><pad><pad><pad><pad><pad><pad><pad><pad><pad><pad><pad><pad><pad><pad><pad><pad><pad><pad><pad><pad><pad><pad><pad><pad><pad><pad><pad><pad><pad><pad><pad><pad><pad><pad><pad><pad><pad><pad><pad><pad><pad><pad><pad><pad><pad><pad><pad><pad><pad><pad><pad><pad><pad><pad><pad><pad><pad><pad><pad><pad><pad><pad><pad><pad><pad><pad>	0.0	0.0	xNeed	xNeed prefix: xNeed input_text: PersonX shakes PersonY's hand</s>	to extend PersonX's hand</s>
99	[1 1 1 1 1 1 1 1 1 1 1 1 1 1 1 1 1 1 1 1 1 1 1 1 1]	{}	"[    3   226   567  6958   554 12304    10     3   226   567  6958  3785
   834  6327    10  5780     4  1172     7  5780     4    31     7  2769
     1]"	[  12  129  199   45 3081    1]	xNeed	<pad> False</s><pad><pad><pad><pad><pad><pad><pad><pad><pad><pad><pad><pad><pad><pad><pad><pad><pad><pad><pad><pad><pad><pad><pad><pad><pad><pad><pad><pad><pad><pad><pad><pad><pad><pad><pad><pad><pad><pad><pad><pad><pad><pad><pad><pad><pad><pad><pad><pad><pad><pad><pad><pad><pad><pad><pad><pad><pad><pad><pad><pad><pad><pad><pad><pad><pad><pad><pad><pad><pad><pad><pad><pad><pad><pad><pad><pad><pad><pad><pad><pad><pad><pad><pad><pad><pad><pad><pad><pad><pad><pad><pad><pad><pad><pad><pad><pad><pad><pad><pad><pad><pad><pad><pad><pad><pad><pad><pad><pad><pad><pad><pad><pad><pad><pad><pad><pad><pad><pad><pad><pad><pad><pad><pad>	0.0	0.0	xNeed	xNeed prefix: xNeed input_text: PersonX improves PersonX's grade</s>	to get help from teachers</s>
